  League,  Season, Date,  Opposition, Location, Result,  Guildford Points, Opposition Points,1 ,2 ,3 ,4 ,5 ,6 ,7 ,8 ,9 ,10 ,11 ,12 ,13 ,14 ,15 ,16 ,17 ,18 
 National 3 LSE, 2016-17,24/09/2016, Hertford, Away, Lose,14 ,33 , M Watkinson, B Holden, B Mairs, M Scott, R Mitchell, J Taylor, J Garner, A Burrill, B Smith, J Burden, A Jordan, S Flannery, L Rust, N Clarke, D Paton, R Crabtree, M Kippenberger, R Voller
 Regional 2 South Central, 2025-26,25/10/2025, Winchester, Away, Lose,14 ,45 , J Karimian,J Jones, R Brooker, M Naeem, H Cole, J Meade, Josh Jones, O Millward, L Driscoll, J Gwyther, C King, T Devereux, L Bounds, S Poole, W Craven, W St Pier, J Curtis, H Kwan
 Regional 2 South Central, 2025-26,18/10/2025, Tottonians, Home, Win,34 ,32 , O Hirst,J Jones, R Brooker, J Smith, B Bushell, J Jones, T Devereux, O Millward, L Driscoll, J Gwyther, A Jordan, T Pickford, L Bounds, S Poole, W Craven, J Meade, T Roaf, H Cole
 Regional 2 South Central, 2025-26,11/10/2025, Elingham & Ringwood, Away, Win,36 ,24 , O Hirst,J Jones, J Delderfield, T Roaf, J Smith, J Ball, Josh Jones, T Devereux, L Driscoll, J Gwyther, A Jordan, T Pickford, L Bounds, S Poole, W Craven, R Brooker, C Adams, H Kwan
 Regional 2 South Central, 2025-26,04/10/2025, Havant 2's, Home, Lose,14 ,29 , J Jones,C Coy, P Wood, A Burrill, M Naeem, H Cole, Jo Jones, J Smith, L Driscoll, J Gwyther, C Adams, T Devereux, L Bounds, S Poole, W Craven, R Brooker, H Kwan, L Ellis-Jones
 Regional 2 South Central, 2025-26,20/09/2025, Petersfield, Away, Lose,7 ,43 , J Delderfield,J Jones, J Karimian, A Burrill, J Smith, C Coy, J Jones, O Millward, C Cuervo, L Driscoll, B Bushell, C Gibbons, L Bounds, S Poole, L Ellis-Jones, C Daniel, O Armitage, H Kwan
 Regional 2 South Central, 2025-26,13/09/2025, Reeds Weybridge, Home, Win,51 ,12 , P Wood,C Coy, J Karimian, M Naeem, J Smith, O Rooken-Smith, M Dandy, O Millward, C Cuervo, J Gwyther, L Ellis-Jones, T Pickford, L Bounds, S Poole, C Gibbons, J Jones, C Daniel, H Kwan
 Regional 2 South Central, 2025-26,06/09/2025, Bournemouth, Away, Lose,-  ,50 , P Wood,C Coy, J Karimian, J Curtis, A Burrill, O Millward, T Devereux, J Smith, C Cuervo, J Gwyther, S Tatchell, T Pickford, C Gibbons, B Bushell, S Poole, J Jones, O Hirst, H Kwan
 Regional 2 South Central, 2024-25,05/04/2025, Andover, Home, Win,29 ,19 , J Delderfield,J Jones, J Karimian, J Smith, A Burrill, C Coy, O Millward, J Brodley, L Driscoll, J Gwyther, S Poole, T Devereux, R Voller, L Bounds, C Gibbons, P Wood, B Meager, C Cuervo
 Regional 2 South Central, 2024-25,22/03/2025, Wimborne, Away, Lose,32 ,38 , J Delderfield,J Jones, J Karimian, J Curtis, A Burrill, C Coy, O Millward, J Brodley, L Driscoll, J Gwyther, T Waddell, T Devereux, R Voller, L Bounds, W Craven, B Meager, J Smith, L Ellis-Jones
 Regional 2 South Central, 2024-25,08/03/2025, Chichester, Home, Draw,22 ,22 , J Delderfield,C Coy, J Karimian, J Curtis, A Burrill, J Brodley, T Devereux, J Garner, L Driscoll, J Gwyther, B Bushell, R Voller, C Gibbons, L Bounds, W Craven, B Meager, P Wood, S Poole
 Regional 2 South Central, 2024-25,01/03/2025, Petersfield, Away, Lose,38 ,40 , J Delderfield,J Brodley, J Karimian, J Curtis, J Smith, O Millward, T Devereux, J Garner, C Cuervo, J Gwyther, L Bounds, T Pickford, R Voller, C Gibbons, W Craven, B Meager, P Wood, L Ellis-Jones
 Regional 2 South Central, 2024-25,15/02/2025, North Dorsest, Home, Win,50 ,24 , J Delderfield,C Coy, J Karimian, J Curtis, J Smith, O Millward, T Devereux, J Garner, C Cuervo, J Gwyther, L Bounds, T Pickford, R Voller, A Jordan, C Gibbons, P Wood, O Hirst, S Poole
 Regional 2 South Central, 2024-25,08/02/2025, Tottonians, Home, Draw,17 ,17 , J Delderfield,J Jones, J Karimian, J Curtis, J Smith, B Meager, O Millward, J Garner, I Jones, J Gwyther, L Bounds, T Devereux, T Pickford, T Waddell, C Gibbons, C Coy, T Roaf, H Kwan
 Regional 2 South Central, 2024-25,01/02/2025, Newbury Blues, Away, Lose,20 ,23 , O Hirst,B Meager, J Karimian, J Curtis, J Smith, O Millward, T Devereux, J Garner, C Cuervo, J Gwyther, L Bounds, T Pickford, A Jordan, S Poole, W Craven, L Gunn, F Cole,
 Regional 2 South Central, 2024-25,18/01/2025, Winchester, Home, Lose,11 ,32 , L Brooks,J Jones, J Karimian, A Burrill, G Angel, O Millward, T Devereux, J Garner, C Cuervo, J Gwyther, L Bounds, T Pickford, A Jordan, S Poole, W Craven, O Hurst, L Gunn, C Adams
 Regional 2 South Central, 2024-25,04/01/2025, Bournmouth, Away, Lose,15 ,49 , J Delderfield,E Pasfield, F Cole, A Burrill, G Angel, J Brodley, B Meager, J Garner, C Cuervo, J Gwyther, B Bushell, T Waddell, A Jordan, S Poole, I Jones, J Jones, J Karimian, T Devereux
 Regional 2 South Central, 2024-25,21/12/2024, Chobham, Home, Win,29 ,28 , J Delderfield,E Pasfield, F Cole, A Burrill, G Angel, B Bushell, T Waddell, J Garner, C Cuervo, J Gwyther, I Jones, T Pickford, B King, S Poole, H Cole, B Meager, J Gatty, A Jaya
 Regional 2 South Central, 2024-25,14/12/2024, Farnham, Away, Lose ,-  ,29 , J Karimian,E Pasfield, J Delderfield, A Burrill, G Angel, F Cole, H Phillips, J Brodley, I Jones, C Cuervo, L Bounds, J Garner, B King, B Bushell, C Gibbons, L Brooks, T Roaf, C Adams
 Regional 2 South Central, 2024-25,07/12/2024, Wimborne, Home, Lose,31 ,41 , M Poole,J Jones, J Karimian, G Angel, J Curtis, A Burrill, H Phillips, J Brodley, C Cuervo, J Gwyther, I Jones, J Garner, B King, S Poole, L Ellis-Jones, L Brooks, T Roaf, C Adams
 Regional 2 South Central, 2024-25,30/11/2024, Chichester, Away, Win,32 ,29 , L Brooks,P Wood, J Karimian, M Poole, J Curtis, A Burrill, H Phillips, J Garner, C Cuervo, J Gwyther, I Jones, T Pickford, B King, L Ellis-Jones, H Cole, J Delderfield, T Roaf, C Hamilton
 Regional 2 South Central, 2024-25,16/11/2024, Petersfield, Home, Lose,12 ,31 , M Poole,J Jones, P Wood, G Angel, A Burrill, J Brodley, T Devereux, J Garner, C Cuervo, J Gwyther, I Jones, R Voller, C Cutting, S Poole, L Driscoll, J Karimian, J Curtis, L Ellis-Jones
 Regional 2 South Central, 2024-25,09/11/2024, North Dorsest, Away, Lose,23 ,33 , M Poole,J Brodley, P Wood, G Angel, A Burrill, B Bushell, T Devereux, J Garner, C Cuervo, J Gwyther, I Jones, R Voller, A Jordan, B King, L Driscoll, O Hirst, B Meager, L Ellis-Jones
 Regional 2 South Central, 2024-25,26/10/2024, Newbury Blues, Home, Win,27 ,22 , P Wood,J Brodley, J Karimian, G Angel, A Burrill, O Millward, T Devereux, J Garner, C Cuervo, J Gwyther, I Jones, R Voller, A Jordan, S Poole, L Driscoll, M Poole, H Phillips, B King
 Regional 2 South Central, 2024-25,19/10/2024, Winchester, Away, Lose,12 ,57 , P Wood,E Pasfield, J Karimian, G Angel, A Burrill, O Millward, T Devereux, J Garner, C Cuervo, J Gwyther, S Poole, T Pickford, A Jordan, L Driscoll, R Voller, J Jones, M Poole, C Hamilton
 Regional 2 South Central, 2024-25,12/10/2024, Tottonians, Away, Lose,28 ,55 , P Wood,J Jones, J Karimian, J Brodley, A Burrill, O Millward, T Devereux, J Garner, C Cuervo, W Sheere, C Hamilton, T Pickford, O Fielder, A Jordan, R Voller, L Brooks, G Angel, E Pasfield
 Regional 2 South Central, 2024-25,28/09/2024, Bournmouth, Home, Lose,37 ,45 , J Brodley,J Jones, J Karimian, A Burrill, M Naeem, H Phillips, O Millward, J Garner, C Cuervo, J Gwyther, A Jordan, O Fielder, J Burden, I Jones, R Voller, O Hirst, Josh Jones, L Ellis-Jones
 Regional 2 South Central, 2024-25,21/09/2024, Chobham, Away, Lose,25 ,41 , P Wood,J Jones, L Brooks, A Burrill, H Phillips, E Pasfield, T Devereux, O Millward, C Cuervo, J Gwyther, T Waddell, T Pickford, J Burden, I Jones, R Voller, J Karimian, M Poole, L Ellis-Jones
 Regional 2 South Central, 2024-25,14/09/2024, Farnham, Home, Lose,7 ,38 , P Wood,J Jones, L Brooks, M Naeem, H Phillips, E Pasfield, O Millward, J Brodley, I Jones, J Gwyther, T Waddell, T Devereux, J Burden, A Jordan, R Voller, B Meager, B Bushell, C Gibbons
 Regional 2 South Central, 2024-25,07/09/2024, Andover, Away, Lose,17 ,19 , P Wood,J Jones, L Brooks, J Curtis, M Naeem, E Pasfield, B Bushell, J Brodley, I Jones, J Gwyther, T Waddell, T Pickford, Z Rodber, C Gibbons, R Voller, J Karimian, R Munisinghe, W Sheere
 Regional 2 South Central, 2023-24,06/04/2024, Tottonians, Away, Lose,15 ,25 , L Brooks, J Jones, A Hankins, A Burrill, H Phillips, E Pasfield, B Kingsbury, O Millward, L Driscoll, J Gwyther, L Bounds, O Fielder, Z Rodber, A Jordan, R Voller, J Karimian, L Gunn, J Burden
 Regional 2 South Central, 2023-24,23/03/2024, Chichester, Home, Win,24 ,17 , M Poole, J Jones, A Hankins, F Crean, A Burrill, E Pasfield, B Kingsbury, O Millward, I Jones, R Hopcroft, L Bounds, O Fielder, Z Rodber, A Jordan, R Voller, J Karimian, L Brooks, H Phillips
 Regional 2 South Central, 2023-24,16/03/2024, Farnham, Away, Win,24 ,17 , L Brooks, J Jones, A Hankins, M Poole, A Burrill, O Millward, B Kingsbury, J Garner, L Driscoll, J Gwyther, L Bounds, O Fielder, Z Rodber, A Jordan, R Voller, J Karimian, E Pasfield, H Phillips
 Regional 2 South Central, 2023-24,02/03/2024, Wimborne, Home, Win,35 ,13 , J Karimian, J Jones, A Hankins, A Burrill, F Crean, O Millward, B Kingsbury, J Garner, I Jones, L Driscoll, L Bounds, B Roberts, A Jordan, B Norton, Z Rodber, E Pasfield, M Poole, J Gwyther
 Regional 2 South Central, 2023-24,17/02/2024, Reading, Away, Win,36 ,7 , L Brooks, J Jones, A Hankins, A Burrill, F Crean, O Millward, B Kingsbury, J Garner, I Jones, L Driscoll, A Jordan, O Fielder, B Roberts, B Norton, Z Rodber, J Karimian, M Poole, H Phillips
 Regional 2 South Central, 2023-24,03/02/2024, Witney, Home, Win,40 ,22 , L Brooks, L Gunn, A Hankins, M Poole, A Burrill, H Phillips, O Millward, J Garner, I Jones, L Driscoll, Z Rodber, O Fielder, A Jordan, L Bounds, J Gwyther, J Karimian, E Pasfield, F Barrowcliffe
 Regional 2 South Central, 2023-24,27/01/2024, Jersey, Away, Win,29 ,22 , J Karimian, J Jones, A Hankins, A Burrill, F Crean, O Millward, B Kingsbury, J Garner, I Jones, L Driscoll, B Norton, B Roberts, A Jordan, B Bushell, Z Rodber, L Gunn, M Poole, H Phillips
 Regional 2 South Central, 2023-24,13/01/2024, Newbury Blues, Home, Win,21 ,7 , L Brooks, J Jones, A Hankins, A Burrill, F Crean, E Pasfield, B Kingsbury, J Garner, I Jones, J Gwyther, B Norton, B Roberts, O Fielder, B Bushell, A Jordan, J Karimian, O Millward, H Phillips
 Regional 2 South Central, 2023-24,06/01/2024, Winchester, Away, Lose,17 ,23 , A Hankins, E Pasfield, J Karimian, A Burrill, F Crean, H Phillips, B Kingsbury, J Garner, I Jones, J Gwyther, B Norton, B Roberts, C Cutting, B Bushell, A Jordan, J Jones, L Brooks, C Beecroft
 Regional 2 South Central, 2023-24,16/01/2023, London Irish Wild Geese, Home, Win,25 ,15 , O Hirst, E Pasfield, A Hankins, A Burrill, F Crean, O Millward, B Kingsbury, J Garner, I Jones, J Gwyther, T Waddell, O Fielder, A Jordan, B Roberts, Z Rodber, J Karimian, B Bushell, B Norton
 Regional 2 South Central, 2023-24,09/12/2023, Salisbury, Away, Lose,19 ,21 , O Hirst, J Jones, A Hankins, J Garner, F Crean, B Kingsbury, T Waddell, B Bushell, I Jones, J Gwyther, C Cutting, O Fielder, J Burden, B Roberts, L Outhwaite, L Gunn, E Pasfield, A Jordan
 Regional 2 South Central, 2023-24,02/12/2023, Chichester, Away, Lose,14 ,27 , O Hirst, J Jones, J Karimian, H Phillips, F Crean, O Millward, T Waddell, B Bushell, J Burden, J Gwyther, C Cutting, B Roberts, O Fielder, L Bounds, R Voller, L Gunn, B Brown, L Outhwaite
 Regional 2 South Central, 2023-24,18/11/2023, Farnham, Home, Win,32 ,7 , O Hirst, J Jones, A Hankins, A Burrill, F Crean, H Phillips, T Waddell, O Millward, L Driscoll, J Gwyther, A Jordan, O Fielder, J Burden, Z Rodber, R Voller, L Gunn, B Bushell, B Roberts
 Regional 2 South Central, 2023-24,11/11/2023, Wimborne, Away, Lose,22 ,26 , A Hankins, B Lingsbury, J Karimian, H Phillips, F Crean, O Millward, T Waddell, J Garner, L Driscoll, J Gwyther, A Jordan, O Fielder, J Burden, Z Rodber, R Voller, J Jones, O Hurst, B Roberts
 Regional 2 South Central, 2023-24,04/11/2023, Reading, Home, Win,66 ,-  , A Hankins, E Pasfield, J Karimian, A Burrill, H Phillips, O Millward, T Waddell, J Garner, L Driscoll, J Gwyther, A Jordan, O Fielder, J Burden, C Cutting, R Voller, B Kingsbury, O Hurst, D Forster
 Regional 2 South Central, 2023-24,21/10/2023, Witney, Away, Lose,24 ,26 , A Hankins, E Pasfield, J Karimian, A Burrill, C Beecroft, J Garner, O Millward, B Bushell, J Burden, Z Rodber, L Outhwaite, C Cutting, O Fielder, A Jordan, R Voller, M O'Regan, L Gunn, I Jones
 Regional 2 South Central, 2023-24,14/10/2023, Jersey, Home, Lose,29 ,47 , L Gunn, J Jones, A Hankins, H Phillips, A Burrill, C Beecroft, O Millward, J Garner, L Driscoll, Z Rodber, L Outhwaite, O Fielder, D Forster, A Jordan, R Voller, J Karimian, H Thomas, S Frizzell
 Regional 2 South Central, 2023-24,30/09/2023, Newbury Blues, Away, Win,57 ,21 , L Gunn, E Pasfield, A Hankins, H Phillips, O Hirst, O Millward, T Waddell, J Garner, L Driscoll, Z Rodber, L Outhwaite, O Fielder, D Forster, A Jordan, R Voller, J Jones, C Beecroft, H Thomas
 Regional 2 South Central, 2023-24,23/09/2023, Winchester, Home, Draw,27 ,27 , A Hankins, E Pasfield, J Karimian, T Roaf, H Phillips, O Millward, H Thomas, J Garner, L Driscoll, Z Rodber, L Outhwaite, O Fielder, A Jordan, T Waddell, R Voller, L Gunn, A Burrill, D Forster
 Regional 2 South Central, 2023-24,16/09/2023, London Irish Wild Geese, Away, Lose,36 ,48 , J Karimian, B Meager, A Hankins, T Roaf, O Hirst, C Beecroft, O Millward, J Garner, L Driscoll, J Burden, T Waddell, A Jordan, O Fielder, Z Rodber, R Voller, H Phillips, R Munisinghe, S Frizzell
 Regional 2 South Central, 2023-24,09/09/2023, Salisbury, Home, Win,61 ,26 , O Hirst, E Pasfield, J Karimian, T Roaf, J Garner, C Beecroft, H Thomas, O Millward, J Burden, J Gwyther, T Waddell, C Cutting, A Jordan, L Outhwaite, R Voller, A Hankins, R Munisinghe, Z Rodber
 Regional 2 South Central, 2023-24,02/09/2023, Tottonians, Home, Lose,15 ,29 , O Hirst, E Pasfield, D Beesley, J Gatty, T Roaf, C Beecroft, J Coates, B Bushell, J Burden, J Gwyther, T Waddell, C Cutting, O Fielder, H Cole, R Voller, L Gunn, H Thomas, R Munisinghe
 Regional 2 South East, 2022-23,11/03/2023, Gravesend, Away, Lose,12 ,36 , A Hankins, T Tyson, J Karimian, T Roaf, C Edbrooke, B Meager, M Rowlandson, T Devereux, L Driscoll, S Druce, B Fallowfield, R Voller, J Potter, T Williams, I Jones, J Denning, J Kirk, O Bancroft
 Regional 2 South East, 2022-23,04/03/2023, Old Reigatians, Away, Win,22 ,12 , A Hankins, T Tyson, J Karimian, M Poole, C Edbrooke, C Beecroft, D Cave, T Devereux, L Driscoll, S Druce, B Fallowfield, C Cutting, J Potter, L Outhwaite, I Jones, B Meager, A Maguire, A Burrill
 Regional 2 South East, 2022-23,25/02/2023, Chichester, Home, Win,30 ,19 , A Hankins, T Tyson, A Maguire, M Naeem, M Poole, C Beecroft, C Cutting, T Devereux, L Driscoll, S Druce, B Fallowfield, A Jordan, J Potter, I Jones, R Voller, B Meager, T Roaf, J Denning
 Regional 2 South East, 2022-23,18/02/2023, KCS Old Boys, Home, Win,35 ,19 , A Hankins, T Tyson, J Karimian, A Burrill, C Edbrooke, M Naeem, T Devereux, J Garner, L Driscoll, S Druce, B Fallowfield, J Millington, J Potter, I Jones, R Voller, A Maguire, C Beecroft, M Rowlandson
 Regional 2 South East, 2022-23,11/02/2023, Battersea Ironsides, Away, Lose,29 ,33 , A Hankins, T Tyson, M Poole, A Burrill, C Edbrooke, M Naeem, O Millward, J Garner, L Driscoll, S Druce, C Wallace, T Devereux, J Potter, I Jones, R Voller, A Maguire, C Beecroft, J Millington
 Regional 2 South East, 2022-23,04/02/2023, Beckenham, Away, Win,24 ,19 , A Hankins, T Tyson, J Karimian, M Poole, C Edbrooke, O Millward, C Wallace, J Garner, L Driscoll, J Potter, I Jones, T Devereux, C Cutting, B Fallowfield, W Matthews, A Maguire, C Beecroft, R Voller
 Regional 2 South East, 2022-23,28/01/2023, Horsham, Home, Win,26 ,22 , A Hankins, T Tyson, J Karimian, M Poole, C Edbrooke, O Millward, D Cave, J Garner, I Jones, S Druce, C Cutting, T Devereux, Ch King, C Wallace, B Fallowfield, A Maguire, M Rowlandson, J Potter
 Regional 2 South East, 2022-23,21/01/2023, Dartfordians, Away, Win,30 ,29 , A Hankins, T Tyson, J Karimian, A Burrill, C Edbrooke, O Millward, C Wallace, J Garner, I Jones, S Druce, A Jordan, T Devereux, Ch King, B Fallowfield, J Williams, M Poole, A Maguire, D Cave
 Regional 2 South East, 2022-23,14/01/2023, Reeds Weybridge, Home, Lose,14 ,20 , A Hankins, T Tyson, J Karimian, A Burrill, M Naeem, O Millward, C Wallace, J Garner, L Driscoll, S Druce, J Williams, T Devereux, A Jordan, B Fallowfield, I Jones, M Poole, C Edbrooke, D Cave
 Regional 2 South East, 2022-23,07/01/2023, Old Colfeians, Away, Lose,15 ,17 , A Hankins, T Tyson, J Karimian, A Burrill, M Naeem, O Millward, T Devereux, J Garner, L Driscoll, S Druce, J Williams, A Jordan, N Street, C Cutting, I Jones, A Maguire, C Wallace, F Cole
 Regional 2 South East, 2022-23,03/12/2022, Farnham, Home, Lose,19 ,27 , A Hankins, W Ayton, F Cole, A Burrill, C Edbrooke, M Naeem, T Devereux, J Garner, L Driscoll, S Druce, J Williams, J Potter, N Street, C Cutting, I Jones, T Tyson, H Starmer-Smith, F Tawes
 Regional 2 South East, 2022-23,26/11/2022, Old Reigatians, Home, Win,38 ,33 , A Hankins, W Ayton, J Karimian, A Burrill, M Poole, O Millward, T Devereux, J Garner, I Jones, S Druce, A Jordan, J Potter, H Starmer-Smith, C Cutting, F Tawes, T Tyson, C Beecroft, E St-Auburn
 Regional 2 South East, 2022-23,12/11/2022, KCS Old Boys, Away, Win,21 ,13 , M Poole, W Ayton, A Hankins, J Garner, C Edbrooke, C Wallace, T Devereux, O Millward, L Driscoll, S Druce, A Jordan, C Williams, N Street, H Cole, I Jones, T Tyson, F Cole, F Tawes
 Regional 2 South East, 2022-23,05/11/2022, Battersea Ironsides, Home, Draw,26 ,26 , A Hankins, W Ayton, J Karimian, M Naeem, C Edbrooke, C Wallace, T Devereux, J Garner, L Driscoll, S Druce, A Jordan, C Williams, N Street, H Cole, I Jones, T Tyson, F Cole, F Tawes
 Regional 2 South East, 2022-23,29/10/2022, Horsham, Away, Lose,10 ,26 , M Poole, W Ayton, F Cole, J Garner, C Edbrooke, C Wallace, T Devereux, O Millward, L Driscoll, S Druce, A Jordan, H Starmer-Smith, N Street, F Tawes, I Jones, J Karimian, A Hankins, M Naeem
 Regional 2 South East, 2022-23,22/10/2022, Dartfordians, Home, Lose,19 ,24 , M Poole, W Ayton, F Cole, A Burrill, C Edbrooke, O Millward, T Devereux, J Garner, L Driscoll, S Druce, A Jordan, C Williams, N Street, F Tawes, I Jones, T Tyson, C Wallace, J Karimian
 Regional 2 South East, 2022-23,15/10/2022, Reeds Weybridge, Away, Win,23 ,24 , M Poole, T Tyson, A Hankins, J Garner, C Edbrooke, C Wallace, T Devereux, O Millward, I Jones, S Druce, A Jordan, J Potter, N Street, C Williams, R Voller, F Cole, H Starmer-Smith, F Tawes
 Regional 2 South East, 2022-23,08/10/2022, Gravesend, Home, Lose,-  ,30 ,,,,,,,,,,,,,,,,,,
 Regional 2 South East, 2022-23,01/10/2022, Old Colfeians, Home, Lose,8 ,11 , M Poole, T Tyson, A Hankins, H Phillips, C Edbrooke, O Millward, C Wallace, J Garner, L Driscoll, S Druce, A Jordan, J Potter, N Street, H Cole, R Voller, F Cole, H Starmer-Smith, Ch King
 Regional 2 South East, 2022-23,24/09/2022, Chichester, Away, Lose,29 ,34 , M Poole, T Tyson, A Hankins, M Naeem, J Garner, C Woodfine, C Wallace, O Millward, I Jones, J Potter, A Jordan, R Voller, Ch King, N Street, L Outhwaite, A Maguire, H Phillips, S Kettle
 Regional 2 South East, 2022-23,17/09/2022, Beckenham, Home, Lose,26 ,36 , M Poole, T Tyson, J Karimian, H Phillips, O Linnington, O Millward, C Wallace, J Garner, L Driscoll, S Druce, N Street, J Potter, Ch King, A Jordan, W Matthews, A Hankins, B Meager, I Jones
 Regional 2 South East, 2022-23,10/09/2022, Farnham, Away, Lose,23 ,30 , M Poole, A Maguire, J Karimian, H Phillips, M Naeem, T Devereux, C Wallace, O Millward, L Driscoll, S Druce, N Street, C Williams, Ch King, C Cutting, A Jordan, L Brooks, T Tyson, W Matthews
 London 1 South, 2021-22,23/04/2022, Horsham, Away, Lose,19 ,26 , M Poole, H Phillips, T Lloyd, A Burrill, C Edbrooke, B Madge, S Kettle, J Garner, L Driscoll, Ch King, A Jordan, R Voller, J Millington, J Wigmore, L Outhwaite, J Karimian, C Beecroft, O Millward
 London 1 South, 2021-22,09/04/2022, London Cornish, Home, Win,34 ,7 , T Lloyd, H Phillips, J Karimian, A Burrill, C Edbrooke, B Madge, S Kettle, J Garner, L Driscoll, Ch King, A Jordan, R Voller, C Cutting, J Wigmore, L Outhwaite, L Brooks, C Beecroft, A Jayawickrema
 London 1 South, 2021-22,02/04/2022, London Welsh, Away, Win,26 ,28 , M Poole, H Phillips, T Lloyd, C Edbrooke, A Burrill, O Millward, S Kettle, J Garner, L Driscoll, Ch King, A Jordan, J Millington, R Voller, J Wigmore, L Outhwaite, J Karimian, B Madge, A Jayawickrema
 London 1 South, 2021-22,26/03/2022, Battersea Ironsides, Home, Win,41 ,32 , M Poole, M Andrews, T Lloyd, C Edbrooke, C Beecroft, H Phillips, S Kettle, J Garner, I Jones, Ch King, A Jordan, R Voller, C Cutting, J Wigmore, L Outhwaite, O Millward, A Burrill, A Jayawickrema
 London 1 South, 2021-22,12/03/2022, Chichester, Away, Win,24 ,33 , M Poole, B Madge, T Lloyd, C Beecroft, C Edbrooke, H Phillips, S Kettle, J Garner, I Jones, Ch King, L Outhwaite, C Cutting, R Voller, J Wigmore, H Cole, M Andrews, O Millward, A Jordan
 London 1 South, 2021-22,05/03/2022, London Irish, Away, Win,22 ,5 , M Poole, B Madge, T Lloyd, C Beecroft, C Edbrooke, H Phillips, S Kettle, J Garner, I Jones, Ch King, L Outhwaite, G Moore, C Cutting, J Wigmore, H Cole, L Brooks, O Millward, R Voller
 London 1 South, 2021-22,19/02/2022, Farnham, Home, Lose,18 ,21 , M Poole, M Andrews, J Karimian, C Edbrooke, A Burrill, S Kettle, T Devereux, J Garner, I Jones, Ch King, W Vincent, G Moore, A Jordan, C Cutting, R Voller, T Lloyd, H Phillips, L Outhwaite
 London 1 South, 2021-22,12/02/2022, Hammersmith & Fulham, Away, Win,9 ,17 , M Poole, M Andrews, J Karimian, A Burrill, C Beecroft, S Kettle, T Devereux, J Garner, L Driscoll, Ch King, J Wigmore, G Moore, A Jordan, W Vincent, H Cole, T Lloyd, H Phillips, I Jones
 London 1 South, 2021-22,05/02/2022, Cobham, Home, Lose,14 ,20 , M Poole, H Duffy, J Karimian, A Burrill, C Beecroft, H Phillips, T Devereux, J Garner, I Jones, R Voller, J Wigmore, G Moore, Ch King, W Vincent, A Jordan, T Lloyd, S Kettle, H Cole
 London 1 South, 2021-22,29/01/2022, Medway, Home, Lose,26 ,43 , M Poole, M Andrews, J Karimian, A Burrill, C Beecroft, H Phillips, B Madge, J Garner, L Driscoll, R Voller, J Wigmore, A Jordan, Ch King, W Vincent, I Jones, H Duffy, M Rowlandson, H Cole
 London 1 South, 2021-22,15/01/2022, KCS Old Boys, Home, Win,36 ,24 , M Poole, M Andrews, J Karimian, A Burrill, C Beecroft, H Phillips, B Madge, J Garner, L Driscoll, R Voller, J Wigmore, Ch King, A Jordan, W Vincent, Z Rodber, T Lloyd, H Duffy, I Jones
 London 1 South, 2021-22,08/01/2022, Camberley, Away, Lose,7 ,41 , J Karimian, M Poole, C Beer, A Burrill, C Edbrooke, H Phillips, S Kettle, J Garner, L Driscoll, C Thomas, W Vincent, R Voller, A Jordan, I Jones, Z Rodber, T Lloyd, B Madge, J Wigmore
 London 1 South, 2021-22,11/12/2021, London Cornish, Away, Lose,15 ,20 , M Poole, M Andrews, C Beer, A Burrill, C Edbrooke, H Phillips, M Rowlandson, J Garner, L Evans, L Driscoll, R Fraser, S Kettle, A Jordan, I Jones, R Voller, J Karimian, T Lloyd, C Thomas
 London 1 South, 2021-22,04/12/2021, London Welsh, Home, Win,29 ,26 , M Poole, M Andrews, C Beer, A Burrill, C Edbrooke, H Phillips, B Madge, J Garner, L Evans, L Driscoll, W Vincent, S Kettle, Ch King, I Jones, R Voller, L Brooks, J Karimian, C Thomas
 London 1 South, 2021-22,27/11/2021, Battersea Ironsides, Away, Lose,12 ,28 , M Poole, H Phillips, T Lloyd, A Burrill, C Edbrooke, S Kettle, T Devereux, J Garner, L Evans, C Thomas, W Vincent, R Voller, Ch King, R Fraser, I Jones, J Karimian, M Rowlandson, L Driscoll
 London 1 South, 2021-22,13/11/2021, Chichester, Home, Win,43 ,22 , M Poole, M Andrews, C Beer, A Burrill, C Edbrooke, H Phillips, T Devereux, J Garner, L Evans, Ch King, W Vincent, R Voller, A Jordan, J Wigmore, I Jones, H Duffy, M Rowlandson, R Fraser
 London 1 South, 2021-22,06/11/2021, London Irish, Home, Win,52 ,29 , M Poole, M Andrews, C Beer, A Burrill, C Edbrooke, B Madge, T Devereux, J Garner, L Evans, Ch King, W Vincent, R Voller, A Jordan, J Wigmore, I Jones, H Phillips, H Duffy, R Fraser
 London 1 South, 2021-22,30/10/2021, Farnham, Away, Draw,20 ,20 , M Poole, M Andrews, C Beer, A Burrill, C Edbrooke, B Madge, T Devereux, J Garner, L Evans, Ch King, W Vincent, G Moore, A Jordan, J Wigmore, I Jones, H Phillips, H Duffy, R Voller
 London 1 South, 2021-22,23/10/2021, Hammersmith & Fulham, Home, Lose,22 ,34 , L Brooks, M Andrews, C Beer, A Burrill, C Edbrooke, H Phillips, S Kettle, J Garner, I Jones, M Aitchison, W Vincent, R Voller, G Moore, A Jordan, C Thomas, H Duffy, S Woodger, Ch King
 London 1 South, 2021-22,16/10/2021, Medway, Away, Lose,17 ,51 , M Poole, M Andrews, J Karimian, A Burrill, C Edbrooke, H Phillips, S Kettle, J Garner, I Jones, C Thomas, J Wigmore, R Voller, Ch King, W Vincent, A Jordan, C Beer, S Woodger, G Moore
 London 1 South, 2021-22,25/09/2021, KCS Old Boys, Away, Lose,6 ,46 , A Burrill, C Cutting, D Hardy, G Johnson, J Garner, J Karimian, L Brooks, S Woodger, A Jordan, Ch King, I Jones, J Wigmore, K Jones, L Evans, R Andrews, T Lloyd, T Roaf, W Vincent
 London 1 South, 2021-22,18/09/2021, Camberley, Home, Lose,15 ,42 , M Poole, D Windle, C Beer, C Edbrooke, C Beecroft, C Cutting, D Hardy, J Garner, I Jones, L Evans, A Jayawickrema, R Andrews, J Wigmore, A Jordan, K Jones, T Lloyd, J Karimian, W Vincent
 London 1 South, 2021-22,11/9/2021, Cobham, Away, Win,34 ,23 , M Poole, H Phillips, C Beer, C Edbrooke, A Burrill, S Kettle, T Devereux, J Garner, I Jones, L Evans, Ch King, G Moore, J Wigmore, A Jordan, K Jones, T Lloyd, M Andrews, W Vincent
 London 1 South, 2021-22,04/09/2021, Horsham, Home, Win,36 ,16 , M Poole, H Phillips, T Lloyd, C Edbrooke, A Burrill, S Kettle, T Devereux, J Garner, I Jones, L Evans, Ch King, G Moore, K Jones, A Jordan, T Featherstone, J Karimian, C Beer, J Potter
 London Premier, 2019-20,29/02/2020, Dorking, Away, Win,15 ,5 , M Poole, A Bellamy, M Trott, H Phillips, G Holt, O Millward, S Kettle, J Garner, E Crossley, L Evans, A Jordan, A Bainikoro, Ch King, Barney King, I Jones, J Karimian, J Roberts, J Millington
 London Premier, 2019-20,22/02/2020, Rochford Hundred, Away, Lose,12 ,31 , M Poole, A Bellamy, M Trott, H Phillips, A Burrill, O Millward, S Kettle, J Garner, E Crossley, I Jones, J Wigmore, A Bainikoro, Ch King, Barney King, A Jordan, J Karimian, J Roberts, C Cutting
 London Premier, 2019-20,15/02/2020, Wimbledon, Home, Lose,-  ,38 , M Poole, H Duffy, J Karimian, G Holt, A Burrill, H Phillips, S Kettle, J Garner, E Crossley, L Evans, J Wigmore, J Gomez, Ch King, Barney King, I Jones, A Bellamy, G Johns, C Cutting
 London Premier, 2019-20,01/02/2020, Sidcup, Away, Lose,17 ,32 , M Poole, H Duffy, J Karimian, H Phillips, A Burrill, J Roberts, S Kettle, J Garner, E Crossley, L Evans, J Wigmore, J Millington, Ch King, J Gomez, I Jones, A Bellamy, G Holt, Barney King
 London Premier, 2019-20,25/01/2020, Bedford Athletic, Home, Win,29 ,8 , M Poole, H Duffy, J Karimian, H Phillips, A Burrill, O Millward, S Kettle, J Garner, E Crossley, L Evans, J Wigmore, J Millington, Ch King, I Jones, D Paton, A Maguire, J Roberts, B King
 London Premier, 2019-20,18/01/2020, Tring, Away, Lose,14 ,16 , M Poole, A Maguire, J Karimian, H Phillips, G Holt, L Brooks, J Roberts, O Millward, E Crossley, B King, J Wigmore, J Millington, Ch King, J Gomez, I Jones, H Duffy, M Rowlandson, D Paton
 London Premier, 2019-20,11/01/2020, Sevenoaks, Home, Lose,15 ,26 , M Poole, A Maguire, J Karimian, H Phillips, G Holt, S Kettle, O Millward, J Garner, E Crossley, L Evans, J Wigmore, B King, Ch King, T Jeffery, J Burden, A Williams, J Roberts, J Gomez
 London Premier, 2019-20,04/01/2020, CS Stags 1863, Away, Draw,10 ,10 , M Poole, A Maguire, J Karimian, D Wallace, H Phillips, S Kettle, O Millward, J Garner, E Crossley, B King, J Wigmore, Ch King, J Burden, J Gomez, I Jones, A Williams, J Roberts, T Jeffery
 London Premier, 2019-20,21/12/2019, London Irish, Home, Win,22 ,13 , C Beer, A Maguire, M Trott, H Phillips, D Wallace, S Kettle, O Millward, J Garner, E Crossley, L Evans, J Wigmore, B King, Ch King, J Gomez, J Burden, M Poole, G Holt, I Jones
 London Premier, 2019-20,14/12/2019, Guernsey, Away, Lose,5 ,45 , J Karimian, A Bellamy, C Beer, M Poole, H Phillips, P Green, J Roberts, O Millward, E Crossley, L Evans, A Jordan, A Jones, J Millington, J Gomez, C Thomas, G Johnson, M Rowlandson, T Williams
 London Premier, 2019-20,07/12/2019, Hertford, Home, Lose,15 ,22 , G Banks, A Bellamy, C Beer, M Poole, H Phillips, P Green, J Roberts, J Garner, E Crossley, L Evans, A Jordan, A Jones, Ch King, T Jeffery, I Jones, J Karimian, M Rowlandson, S Fee
 London Premier, 2019-20,23/11/2019, Brighton, Away, Lose,10 ,34 , G Banks, A Bellamy, C Beer, M Poole, G Holt, H Phillips, T Devereux, O Millward, E Crossley, S Fee, I Jones, A Jones, Ch King, T Jeffery, L Evans, J Karimian, M Rowlandson, T Williams
 London Premier, 2019-20,16/11/2019, Dorking, Home, Lose,21 ,55 , M Poole, A Bellamy, G Banks, H Phillips, G Holt, O Millward, T Devereux, P Green, E Crossley, S Fee, J Wigmore, A Jones, Ch King, I Jones, L Evans, J Karimian, M Rowlandson, T Jeffery
 London Premier, 2019-20,09/11/2019, Rochford Hundred, Home, Lose,-  ,12 , G Banks, M Poole, C Beer, H Phillips, D Wallace, P Green, T Devereux, J Garner, E Crossley, S Fee, J Wigmore, A Jones, K Jones, T Jeffery, I Jones, L Brooks, G Holt, L Evans
 London Premier, 2019-20,25/10/2019, Wimbledon, Away, Lose,7 ,52 , L Brooks, H Phillips, G Banks, G Lovatt, G Holt, O Millward, C Cutting, J Garner, E Crossley, S Fee, J Wigmore, T Devereux, K Jones, K Lipinski, I Jones, R Brooker, T Roaf, T Jeffery
 London Premier, 2019-20,19/10/2019, Sidcup, Home, Lose,23 ,29 , G Banks, A Bellamy, C Beer, M Poole, G Holt, H Phillips, P Green, J Garner, I Jones, S Fee, T Devereux, A Jones, G Moore, O Millward, T Williams, L Brooks, T Roaf, Barney King
 London Premier, 2019-20,12/10/2019, Bedford Athletic, Away, Lose,21 ,29 , M Poole, A Bellamy, C Beer, H Phillips, G Holt, G Lovatt, T Devereux, J Garner, E Crossley, S Fee, J Wigmore, A Jones, J Millington, K Lipinski, I Jones, G Banks, L Brooks, G Moore
 London Premier, 2019-20,05/10/2019, Tring, Home, Lose,26 ,47 , M Poole, A Bellamy, C Beer, H Phillips, G Hill, O Millward, T Devereux, J Garner, E Crossley, S Fee, J Wigmore, A Jones, K Jones, C Thomas, I Jones, G Banks, G Holt, P Green
 London Premier, 2019-20,28/09/2019, Sevenoaks, Away, Lose,3 ,17 , G Banks, M Poole, C Beer, T Roaf, G Hill, B Coombs, O Millward, J Garner, E Crossley, B Smith, J Wigmore, T Devereux, K Jones, K Lipinski, I Jones, J Wilderspin, M Holden, A Jones
 London Premier, 2019-20,21/09/2019, CS Stags 1863, Home, Win,24 ,7 , G Banks, A Bellamy, C Beer, D Wallace, M Poole, O Millward, C Cutting, J Garner, E Crossley, B Smith, J Wigmore, T Devereux, K Jones, M Holden, I Jones, B Coombs, G Lovatt, C Thomas
 London Premier, 2019-20,14/09/2019, London Irish, Away, Lose,19 ,43 , M Poole, A Bellamy, C Beer, G Holt, D Wallace, H Phillips, T Devereux, J Garner, E Crossley, B King, J Wigmore, J Potter, T Jeffery, K Jones, I Jones, J Karimian, C Cutting, C Thomas
 London Premier, 2019-20,07/09/2019, Tunbridge Wells, Home, Lose,18 ,25 , M Poole, A Bellamy, G Banks, D Wallace, G Holt, O Millward, T Devereux, J Garner, B Smith, B King, J Wigmore, J Potter, J Burden, J Denning, I Jones, C Beer, H Phillips, E Crossley
 London Premier, 2018-19,13/04/2019, Chingford, Away, Lose,12 ,43 , M Poole, H Phillips, C Beer, A Burrill, D Wallace, T Devereux, S Kettle, J Garner, J Burden, B King, A Jordan, A Jones, T Harty, T Jeffery, K Jones, H Duffy, J Karimian, Ch King
 London Premier, 2018-19,06/04/2019, CS Stags 1863, Home, Win,34 ,26 , M Poole, H Phillips, G Banks, A Burrill, C Raymond, D Wallace, S Kettle, J Garner, B King, P Hodgkinson, A Jordan, J Smith, T Harty, T Jeffery, T Forbes, H Duffy, W Larkin, A Jones
 London Premier, 2018-19,30/03/2019, Bedford Athletic, Away, Lose,7 ,63 , G Banks, A Bellamy, C Beer, H Phillips, A Burrill, D Wallace, S Kettle, J Garner, I Jones, B Smith, J Denning, T Forbes, B King, T Jeffery, M Holden, J Karimian, J Roux de Buisson, S Fee
 London Premier, 2018-19,23/03/2019, Tring, Home, Lose,7 ,39 , G Banks, A Bellamy, B Mairs, M Poole, J Roberts, H Phillips, S Kettle, J Garner, B Smith, P Hodgkinson, A Jordan, A Jones, J Smith, T Jeffery, D Paton, C Beer, D Wallace, I Jones
 London Premier, 2018-19,09/03/2019, Sutton & Epsom, Away, Win,29 ,25 , C Beer, H Phillips, B Mairs, M Poole, J Roberts, D Wallace, S Kettle, J Garner, I Jones, P Hodgkinson, A Jordan, A Jones, T Harty, T Jeffery, D Paton, J Roux de Buisson, A Mackie, S Fee
 London Premier, 2018-19,02/03/2019, Brentwood, Home, Win,27 ,21 , G Banks, H Phillips, B Mairs, M Poole, C Raymond, D Wallace, J Roux de Buisson, J Garner, I Jones, P Hodgkinson, A Jordan, A Jones, T Harty, T Jeffery, D Paton, C Beer, T Tyson, B King
 London Premier, 2018-19,16/02/2019, Wimbledon, Away, Lose,7 ,38 , G Banks, H Phillips, C Beer, M Poole, R Mitchell, A Burrill, J Roux de Buisson, C Raymond, B Smith, P Hodgkinson, A Jordan, A Jones, B King, K Jones, D Paton, A Williams, T Tyson, I Jones
 London Premier, 2018-19,09/02/2019, Westcliff, Away, Lose,10 ,32 , G Banks, H Phillips, B Mairs, M Poole, A Burrill, C Raymond, S Kettle, N Brown, K Brown, P Hodgkinson, T Hothersall, A Jones, D Paton, T Jeffery, K Jones, T Tyson, J Roux de Buisson, I Jones
 London Premier, 2018-19,26/01/2019, Shelford, Home, Win,48 ,17 , M Poole, H Phillips, B Mairs, R Mitchell, A Burrill, S Kettle, A Hosking, N Brown, B Smith, P Hodgkinson, T Hothersall, A Jones, A Jordan, T Jeffery, K Brown, G Banks, J Roux de Buisson, I Jones
 London Premier, 2018-19,19/01/2019, Tunbridge Wells, Away, Win,29 ,12 , M Poole, H Phillips, B Mairs, N Brown, A Burrill, S Kettle, A Hosking, J Garner, B Smith, P Hodgkinson, A Jordan, A Jones, B King, T Jeffery, K Brown, G Banks, C Raymond, T Hothersall
 London Premier, 2018-19,12/01/2019, Hertford, Home, Lose,11 ,45 , M Poole, H Phillips, B Mairs, A Burrill, C Raymond, S Kettle, A Hosking, J Garner, B Smith, J Burden, A Jordan, J Smith, P Hodgkinson, Ch King, D Paton, G Banks, J Roux de Buisson, B King
 London Premier, 2018-19,05/01/2019, Sidcup, Away, Lose,19 ,41 , R Crabtree, H Phillips, M Poole, J Brown, A Burrill, C Raymond, J Garner, N Brown, M Shea, B King, S Purves, A Jones, R Voller, J Denning, K Brown, J Karimian, S Kettle, I Jones
 London Premier, 2018-19,15/12/2018, Dorking, Home, Lose,8 ,19 , M Poole, T Hickey, B Mairs, N Brown, A Burrill, S Kettle, A Hosking, J Garner, K Brown, P Hodgkinson, A Jordan, A Jones, B King, S Purves, K Jones, C Beer, H Phillips, B Smith
 London Premier, 2018-19,08/12/2018, CS Stags 1863, Away, Lose,10 ,32 , M Poole, T Hickey, B Mairs, J Brown, N Brown, S Kettle, A Hosking, J Garner, K Brown, B King, A Jordan, R Andrews, P Hodgkinson, T Hothersall, R Voller, R Crabtree, H Phillips, C Jordan
 London Premier, 2018-19,01/12/2018, Bedford Athletic, Home, Win,35 ,29 , M Poole, T Hickey, B Mairs, J Brown, A Burrill, N Brown, A Hosking, J Garner, K Brown, B King, T Hothersall, S Flannery, P Hodgkinson, T Jeffery, K Jones, R Crabtree, S Kettle, C Jordan
 London Premier, 2018-19,24/11/2018, Tring, Away, Lose,27 ,69 , R Crabtree, H Phillips, M Poole, N Brown, J Brown, C Raymond, A Hosking, J Garner, C Jordan, K Brown, A Jordan, T Forbes, T Jeffery, S Purves, K Jones, M Watkinson, S Kettle, S Fee
 London Premier, 2018-19,17/11/2018, Sutton & Epsom, Home, Lose,12 ,23 , M Poole, H Phillips, B Mairs, N Brown, A Burrill, C Raymond, A Hosking, J Garner, K Brown, B Smith, T Richards, J Smith, T Harty, T Jeffery, A Jordan, H Duffy, S Kettle, T Forbes
 London Premier, 2018-19,03/11/2018, Brentwood, Away, Win,38 ,32 , M Poole, A Bellamy, B Mairs, H Phillips, A Burrill, T Devereux, A Hosking, N Brown, K Brown, B Smith, A Jordan, Ch King, P Hodgkinson, T Jeffery, K Jones, J Karimian, J Roux de Buisson, T Forbes
 London Premier, 2018-19,27/10/2018, Wimbledon, Home, Win,28 ,27 , G Banks, A Bellamy, B Mairs, N Brown, A Burrill, B Holden, A Hosking, J Garner, B Smith, P Hodgkinson, A Jordan, R Andrews, T Harty, T Jeffery, T Forbes, M Poole, T Devereux, K Brown
 London Premier, 2018-19,20/10/2018, Westcliff, Home, Lose,20 ,29 , G Banks, H Phillips, B Mairs, N Brown, A Burrill, B Holden, J Garner, C Raymond, K Brown, P Hodgkinson, T Richards, T Forbes, R Andrews, T Jeffery, A Jordan, M Poole, T Hickey, C Jordan
 London Premier, 2018-19,06/10/2018, Shelford, Away, Win,24 ,22 , M Poole, H Phillips, G Banks, R Heath, A Burrill, N Brown, T Devereux, C Raymond, K Brown, B Smith, A Jordan, T Forbes, L Rust, T Jeffery, K Jones, J Karimian, J Roux de Buisson, A Vaughan
 London Premier, 2018-19,29/09/2018, Tunbridge Wells, Home, Win,24 ,22 , G Banks, H Phillips, M Poole, N Brown, A Burrill, B Holden, J Garner, C Raymond, B Smith, P Hodgkinson, T Jeffery, L Rust, T Harty, T Richards, A Jordan, C Beer, T Devereux, K Brown
 London Premier, 2018-19,22/09/2018, Hertford, Away, Win,15 ,13 , G Banks, H Phillips, B Mairs, N Brown, A Burrill, B Holden, J Garner, C Raymond, B Smith, P Hodgkinson, A Jordan, A Jones, L Rust, J Smith, K Brown, M Poole, R Heath, Ch King
 London Premier, 2018-19,15/09/2018, Sidcup, Home, Lose,25 ,31 , M Poole, T Hickey, G Banks, N Brown, A Burrill, C Raymond, S Kettle, J Garner, K Brown, B Smith, T Richards, J Smith, T Harty, T Jeffery, K Jones, J Karimian, H Phillips, T Forbes
 London Premier, 2018-19,08/09/2018, Dorking, Away, Lose,13 ,16 , M Poole, H Duffy, B Mairs, N Brown, A Burrill, C Raymond, S Kettle, J Garner, K Brown, B Smith, A Jordan, J Smith, T Harty, Ch King, K Jones, G Banks, H Phillips, T Forbes
 London Premier, 2018-19,01/09/2018, Chingford, Home, Win,34 ,31 , M Poole, T Hickey, G Banks, N Brown, A Burrill, C Raymond, S Kettle, J Garner, B Smith, P Hodgkinson, A Jordan, A Jones, Ch King, T Jeffery, K Brown, B Mairs, H Kettle, B King
 London Premier, 2017-18,21/04/2018, Hertford, Home, Lose,31 ,41 , G Banks, T Hickey, B Mairs, A Burrill, R Pollett, T Devereux, S Kettle, J Garner, B Smith, J Burden, P Mac Enri, R Andrews, L Rust, A Jordan, A Chisholm, M Poole, O Millward, J Gomez
 London Premier, 2017-18,13/04/2013, Tunbridge Wells, Away, Lose,21 ,24 , G Banks, T Hickey, B Mairs, A Burrill, R Pollett, T Devereux, S Kettle, J Garner, B Smith, J Burden, P Mac Enri, R Andrews, L Rust, A Jordan, A Chisholm, M Poole, O Millward, F Hooper
 London Premier, 2017-18,07/03/2018, Sutton & Epsom, Home, Lose,19 ,24 , M Watkinson, S Younghusband, G Banks, A Burrill, R Pollett, S Kettle, O Millward, J Garner, B Smith, R Andrews, A Jordan, F Hooper, L Rust, Ch King, A Chisholm, J Phillips, T Devereux, B King
 London Premier, 2017-18,24/03/2018, Towcester, Away, Win,31 ,7 , M Watkinson, S Younghusband, M Poole, A Burrill, R Pollett, T Devereux, S Kettle, J Garner, B Smith, B King, A Jordan, L Rust, Ch King, P Mac Enri, A Chisholm, J Phillips, O Millward, C Jordan
 London Premier, 2017-18,10/03/2018, Tring, Home, Lose,5 ,75 , A Williams, H Phillips, G Banks, R Mitchell, R Pollett, T Devereux, C Cutting, R Brooker, C Jordan, B King, S Purves, F Hooper, Ch King, P Mac Enri, A Chisholm, B Mairs, S Kettle, S Fee
 London Premier, 2017-18,03/03/2018, Guernsey, Away, Lose,10 ,39 , G Banks, H Phillips, B Mairs, J Phillips, A Burrill, O Millward, T Devereux, J Garner, B King, R Andrews, A Jordan, F Hooper, L Rust, Ch King, A Chisholm, M Poole, W Radford, J Burden
 London Premier, 2017-18,17/02/2018, Barnes, Home, Lose,19 ,42 , A Williams, H Phillips, B Mairs, R Pollett, A Burrill, O Millward, T Devereux, J Garner, B Smith, S Fee, A Jordan, R Andrews, L Rust, Ch King, F Hooper, G Banks, W Radford, B King
 London Premier, 2017-18,03/02/2018, Shelford, Away, Lose,-  ,64 , M Poole, T Hickey, B Mairs, J Phillips, R Mitchell, O Millward, T Devereux, A Burrill, B Smith, G Davies, Ch King, R Andrews, P Goodwin, J Gomez, F Hooper, J Karimian, B Holden, I Jones
 London Premier, 2017-18,27/01/2018, Westcombe Park, Home, Lose,10 ,17 , M Poole, T Hickey, B Mairs, A Burrill, R Pollett, O Millward, T Devereux, J Garner, B Smith, B King, A Jordan, R Andrews, T Harty, S Purves, N Clarke, M Watkinson, H Phillips, P Mac Enri
 London Premier, 2017-18,20/01/2018, Westcliff, Home, Win,29 ,22 , G Banks, T Hickey, B Mairs, A Burrill, R Pollett, O Millward, T Devereux, J Garner, B Smith, B King, P Mac Enri, R Andrews, F Hooper, S Purves, N Clarke, M Watkinson, H Phillips, Ch King
 London Premier, 2017-18,13/01/2018, Sidcup, Away, Lose,26 ,47 , J Karimian, T Hickey, M Watkinson, A Burrill, R Pollett, O Millward, T Devereux, J Garner, B Smith, R Andrews, A Jordan, F Hooper, J West, P Mac Enri, D Paton, M Trott, H Phillips, B King
 London Premier, 2017-18,06/01/2018, Southend, Home, Win,31 ,25 , M Poole, T Hickey, G Banks, A Burrill, R Pollett, O Millward, T Devereux, J Garner, B King, R Andrews, A Jordan, F Hooper, T Harty, P Mac Enri, D Paton, M Watkinson, R Mitchell, G Davies
 London Premier, 2017-18,16/12/2017, Dorking, Away, Lose,26 ,30 , A Williams, T Hickey, B Mairs, A Burrill, R Pollett, O Millward, T Devereux, J Garner, C Jordan, J Burden, A Jordan, F Hooper, C King, P Mac Enri, D Paton, M Poole, R Mitchell, B King
 London Premier, 2017-18,09/12/2017, Tunbridge Wells, Home, Lose,26 ,39 , M Poole, H Phillips, G Banks, A Burrill, R Pollett, J Dunnett, T Devereux, J Garner, I Jones, G Davies, A Jordan, D Paton, F Hooper, S Phillips, P Mac Enri, A Williams, O Millward, Ch King
 London Premier, 2017-18,02/12/2017, Sutton & Epsom, Away, Lose,26 ,41 , A Williams, T Hickey, G Banks, A Burrill, R Pollett, J Dunnett, T Devereux, J Garner, C Jordan, G Davies, T Peters, F Hooper, Ch King, S Phillips, P Mac Enri, B Mairs, O Millward, I Jones
 London Premier, 2017-18,25/11/2017, Towcester, Home, Draw,38 ,38 , M Watkinson, T Hickey, B Mairs, A Burrill, R Pollett, J Dunnett, T Devereux, J Garner, C Jordan, G Davies, P Mac Enri, F Hooper, L Rust, A Jordan, D Paton, M Poole, O Millward, B King
 London Premier, 2017-18,11/11/2017, Tring, Away, Lose,6 ,31 , M Watkinson, T Hickey, M Poole, A Burrill, R Pollett, J Dunnett, T Devereux, J Garner, C Jordan, G Davies, P Mac Enri, F Hooper, L Rust, J Gomez, D Paton, A Williams, O Millward, B King
 London Premier, 2017-18,04/11/2017, Guernsey, Home, Win,33 ,22 , M Watkinson, B Holden, G Banks, A Burrill, R Pollett, J Dunnett, T Devereux, J Garner, C Jordan, G Davies, P Mac Enri, F Hooper, L Rust, J Gomez, D Paton, M Poole, T Hickey, J Burden
 London Premier, 2017-18,28/10/2017, Barnes, Away, Lose,15 ,22 , M Watkinson, B Holden, G Banks, A Burrill, R Pollett, J Dunnett, T Devereux, J Garner, C Jordan, G Davies, P Mac Enri, F Hooper, L Rust, T Harty, D Paton, M Poole, O Millward, B King
 London Premier, 2017-18,21/10/2017, Shelford, Home, Win,34 ,8 , G Banks, B Holden, B Mairs, A Burrill, A Becker, R Pollett, T Devereux, J Garner, C Jordan, G Davies, P Mac Enri, F Hooper, L Rust, T Harty, D Paton, A Williams, J Dunnett, B King
 London Premier, 2017-18,07/10/2017, Westcombe Park, Away, Lose,22 ,27 , A Williams, B Holden, B Mairs, A Burrill, R Pollett, J Dunnett, T Devereux, J Garner, B Smith, G Davies, A Jordan, F Hooper, L Rust, T Harty, D Paton, H Duffy, R Mitchell, C Jordan
 London Premier, 2017-18,30/09/2017, Westcliff, Away, Win,36 ,10 , G Banks, B Holden, B Mairs, A Becker, A Burrill, R Pollett, T Devereux, J Garner, B Smith, G Davies, A Jordan, F Hooper, L Rust, T Harty, D Paton, A Williams, J Dunnett, C Jordan
 London Premier, 2017-18,23/09/2017, Sidcup, Home, Lose,24 ,44 , M Watkinson, B Holden, G Banks, A Burrill, R Pollett, A Becker, T Devereux, J Garner, C Jordan, G Davies, A Jordan, F Hooper, T Harty, P Mac Enri, D Paton, J Phillips, J Dunnett, N Clarke
 London Premier, 2017-18,16/09/2017, Southend, Away, Win,38 ,19 , G Banks, B Holden, B Mairs, J Phillips, R Pollett, A Becker, J Kirk, J Garner, B Smith, G Davies, A Jordan, D Paton, Ch King, A Gee, P Mac Enri, A Williams, A Burrill, B King
 London Premier, 2017-18,09/09/2017, Dorking, Home, Lose,31 ,32 , A Williams, B Holden, B Mairs, A Burrill, R Pollett, O Millward, T Devereux, J Garner, B Smith, G Davies, Ch King, L Rust, T Harty, A Gee, D Paton, J Phillips, J Kirk, C King
 London Premier, 2017-18,01/09/2017, Hertford, Away, Lose,20 ,47 , H Duffy, B Holden, B Mairs, A Becker, R Pollett, O Millward, T Devereux, J Garner, B Smith, G Davies, A Jordan, L Rust, T Harty, A Gee, D Paton, M Watkinson, J Phillips, J Burden
 National 3 LSE, 2016-17,22/04/2017, Shelford, Away, Lose,19 ,36 , A Williams, T Hickey, B Mairs, M Scott, R Mitchell, R Pollett, J Garner, A Burrill, J Burden, B Smith, A Jordan, A Vaughan, R Voller, S Purves, F Hooper, M Watkinson, B Holden, C Jordan
 National 3 LSE, 2016-17,08/04/2017, Guernsey, Home, Win,27 ,17 , M Watkinson, T Hickey, R Crabtree, M Scott, R Mitchell, R Pollett, J Garner, A Burrill, J Burden, B Smith, A Jordan, A Vaughan, L Rust, S Purves, F Hooper, A Williams, J Phillips, C Jordan
 National 3 LSE, 2016-17,01/04/2017, Chichester, Away, Win,37 ,31 , A Williams, T Hickey, B Mairs, M Scott, R Mitchell, R Pollett, J Garner, A Burrill, J Burden, B Smith, S Purves, S Flannery, L Rust, N Clarke, F Hooper, M Watkinson, S Kettle, C Jordan
 National 3 LSE, 2016-17,25/03/2017, Colchester, Home, Win,33 ,20 , A Williams, T Hickey, B Mairs, A Burrill, R Mitchell, R Pollett, S Kettle, J Garner, J Burden, B Smith, A Jordan, R Andrews, T Harty, N Clarke, F Hooper, R Crabtree, H Phillips, C Jordan
 National 3 LSE, 2016-17,11/03/2017, Westcombe Park, Away, Lose,14 ,48 , M Watkinson, H Phillips, B Mairs, M Scott, J Phillips, A Mackie, J Garner, R Brooker, C Jordan, B Smith, A Jordan, J Gomez, P Goodwin, S Purves, N Clarke, G Banks, A Williams, M Evans
 National 3 LSE, 2016-17,04/03/2017, Wimbledon, Away, Lose,17 ,36 , G Banks, H Phillips, B Mairs, M Scott, R Mitchell, J Phillips, J Garner, R Pollett, B Smith, J Burden, A Jordan, R Andrews, F Hooper, N Clarke, D Paton, M Watkinson, A Burrill, C Jordan
 National 3 LSE, 2016-17,18/02/2017, Amersham & Chiltern, Home, Win,36 ,20 , G Banks, T Hickey, B Mairs, M Scott, R Mitchell, R Pollett, J Garner, A Burrill, B Smith, J Burden, A Jordan, R Andrews, T Harty, S Flannery, D Paton, A Williams, J Phillips, F Hooper
 National 3 LSE, 2016-17,11/02/2017, Westcliff, Away, Lose,11 ,25 , A Williams, T Hickey, B Mairs, M Scott, R Mitchell, R Pollett, J Garner, A Burrill, C Jordan, J Burden, A Jordan, F Hooper, S Flannery, N Clarke, D Paton, G Banks, J Kirk, A Vaughan
 National 3 LSE, 2016-17,04/02/2017, Southend, Away, Lose,20 ,24 , A Williams, B Holden, B Mairs, M Scott, G Hill, J Phillips, J Kirk, R Pollett, J Burden, A Vaughan, N Clarke, F Hooper, S Flannery, R Voller, D Paton, T Hickey, J Taylor, C Jordan
 National 3 LSE, 2016-17,28/01/2017, Tonbridge Juddian, Home, Lose,18 ,38 , G Banks, B Holden, R Crabtree, M Scott, R Mitchell, J Kirk, J Garner, A Burrill, J Burden, D Paton, A Jordan, F Hooper, T Harty, R Voller, N Clarke, M Watkinson, J Phillips, M Evans
 National 3 LSE, 2016-17,14/01/2017, Hertford, Home, Lose,10 ,42 , G Banks, B Holden, B Mairs, M Scott, R Mitchell, J Garner, R Pollett, J Taylor, B Smith, R Andrews, A Jordan, F Hooper, T Harty, N Clarke, D Paton, R Crabtree, M Kippenberger, J Burden
 National 3 LSE, 2016-17,07/01/2017, Sutton & Epsom, Away, Lose,18 ,21 , A Williams, B Holden, B Mairs, R Pollett, R Mitchell, J Taylor, M Kippenberger, J Garner, C Jordan, R Andrews, A Jordan, F Hooper, T Harty, N Clarke, D Paton, R Crabtree, T Hickey, B Smith
 National 3 LSE, 2016-17,17/12/2016, Dorking, Home, Win,30 ,17 , A Williams, B Holden, B Mairs, M Scott, R Mitchell, R Pollett, J Garner, A Burrill, C Jordan, R Andrews, A Jordan, F Hooper, S Flannery, S Phillips, D Paton, R Crabtree, T Hickey, J Burden
 National 3 LSE, 2016-17,10/12/2016, Guernsey, Away, Lose,5 ,69 , J Read, B Holden, A Williams, M Scott, R Mitchell, R Pollett, J Garner, A Burrill, C Jordan, R Andrews, A Jordan, A Vaughan, F Hooper, N Clarke, D Paton, T Powell, M Kippenberger, G Davies
 National 3 LSE, 2016-17,03/12/2016, Chichester, Home, Lose,6 ,27 , G Banks, B Holden, B Mairs, A Burrill, R Mitchell, R Pollett, J Kirk, J Garner, C Jordan, A Vaughan, A Jordan, R Andrews, F Hooper, N Clarke, D Paton, R Crabtree, M Kippenberger, G Davies
 National 3 LSE, 2016-17,26/11/2016, Colchester, Away, Win,24 ,17 , A Williams, B Holden, B Mairs, M Scott, A Burrill, R Pollett, J Kirk, J Garner, C Jordan, A Vaughan, A Jordan, R Andrews, F Hooper, S Flannery, D Paton, G Banks, T Hickey, J Burden
 National 3 LSE, 2016-17,19/11/2016, Westcombe Park, Home, Win,21 ,14 , A Williams, B Holden, B Mairs, M Scott, R Mitchell, R Pollett, A Burrill, J Garner, B Smith, A Vaughan, N Clarke, R Andrews, F Hooper, S Flannery, D Paton, R Crabtree, G Davies, J Burden
 National 3 LSE, 2016-17,05/11/2016, Wimbledon, Home, Lose,14 ,29 , A Williams, B Holden, B Mairs, A Burrill, R Mitchell, R Pollett, J Kirk, J Garner, B Smith, R Andrews, A Jordan, F Hooper, T Harty, S Flannery, D Paton, G Banks, L Rust, A Vaughan
 National 3 LSE, 2016-17,29/10/2016, Amersham & Chiltern, Away, Win,27 ,14 , G Banks, B Holden, B Mairs, M Scott, A Burrill, R Pollett, J Kirk, J Garner, B Smith, R Andrews, A Jordan, F Hooper, L Rust, T Harty, D Paton, A Williams, R Mitchell, J Burden
 National 3 LSE, 2016-17,22/10/2016, Westcliff, Home, Win,38 ,18 , G Banks, B Holden, B Mairs, M Scott, A Burrill, R Pollett, J Kirk, J Garner, C Jordan, A Vaughan, A Jordan, F Hooper, L Rust, S Flannery, D Paton, A Williams, M Kippenberger, R Andrews
 National 3 LSE, 2016-17,08/10/2016, Tonbridge Juddian, Away, Lose,5 ,37 , R Crabtree, B Holden, B Mairs, M Scott, A Burrill, R Pollett, M Kippenberger, J Garner, C Jordan, A Vaughan, A Jordan, S Flannery, T Harty, N Clarke, D Paton, A Williams, T Devereux, J Burden
 National 3 LSE, 2016-17,01/10/2016, Southend, Home, Win,25 ,5 , M Watkinson, B Holden, B Mairs, M Scott, R Mitchell, R Pollett, M Kippenberger, J Garner, C Jordan, A Vaughan, R Voller, S Flannery, T Harty, N Clarke, D Paton, R Crabtree, T Devereux, J Burden
 National 3 LSE, 2016-17,17/09/2016, Sutton & Epsom, Home, Lose,17 ,23 , R Crabtree, B Holden, B Mairs, M Scott, R Mitchell, J Kirk, J Garner, A Burrill, B Smith, J Burden, A Jordan, R Andrews, T Harty, N Clarke, D Paton, M Watkinson, R Pollett, R Voller
 National 3 LSE, 2016-17,10/09/2016, Dorking, Away, Lose,10 ,19 , R Crabtree, B Holden, B Mairs, M Scott, R Mitchell, J Kirk, J Garner, A Burrill, B Smith, R Andrews, A Jordan, D Paton, T Harty, J Gomez, A Ward, M Watkinson, R Pollett, J Burden
 National 3 LSE, 2016-17,03/09/2016, Shelford, Home, Win,37 ,8 , R Crabtree, B Holden, B Mairs, M Scott, R Mitchell, J Kirk, J Garner, A Burrill, B Smith, R Andrews, A Jordan, F Hooper, L Rust, T Harty, A Ward, M Watkinson, R Pollett, J Burden
 London 1 S, 2015-16,30/04/2016, Tring, Away, Win,26 ,21 , M Watkinson, B Holden, B Mairs, R Pollett, R Mitchell, J Roberts, J Kirk, A Burrill, B Smith, R Andrews, A Jordan, F Hooper, L Rust, T Harty, D Paton, A Williams, R Brooker, P Lucas
 London 1 S, 2015-16,23/04/2016, Tottonians, Away, Win,31 ,19 , M Watkinson, B Holden, B Mairs, R Pollett, R Mitchell, J Roberts, J Kirk, A Burrill, J Burden, R Andrews, A Jordan, F Hooper, L Rust, T Harty, D Paton, R Thornber, R Brooker, S Phillips
 London 1 S, 2015-16,16/04/2016, Maidstone, Home, Win,60 ,22 , M Watkinson, B Holden, B Mairs, R Pollett, R Mitchell, S Flannery, J Kirk, A Burrill, B Smith, R Andrews, A Jordan, F Hooper, L Rust, T Harty, D Paton, J Read, D Fletcher, J Burden
 London 1 S, 2015-16,09/04/2016, Sidcup, Away, Lose,24 ,26 , A Williams, B Holden, B Mairs, R Pollett, R Mitchell, D Fletcher, J Kirk, J Roberts, J Burden, R Andrews, A Jordan, F Hooper, L Rust, S Phillips, D Paton, M Watkinson, S Flannery, B Smith
 London 1 S, 2015-16,02/04/2016, Chiswick, Home, Win,48 ,31 , A Williams, B Holden, B Mairs, R Pollett, R Mitchell, A Burrill, J Kirk, J Roberts, J Burden, R Andrews, A Jordan, F Hooper, L Rust, S Phillips, D Paton, M Watkinson, R Brooker, S Fee
 London 1 S, 2015-16,19/03/2016, Charlton Park, Away, Win,59 ,17 , M Watkinson, S Younghusband, A Williams, L Fennemore, R Mitchell, J Roberts, J Kirk, C Hodges, J Burden, R Andrews, A Jordan, T Harty, L Rust, S Phillips, D Paton, J Read, R Brooker, F Hooper
 London 1 S, 2015-16,05/03/2016, Sutton & Epsom, Away, Lose,15 ,23 , A Williams, S Younghusband, B Mairs, A Burrill, J Roberts, J Kirk, P Lucas, C Hodges, B Smith, D Paton, A Jordan, L Rust, T Harty, S Phillips, F Hooper, M Watkinson, R Brooker, S Fee
 London 1 S, 2015-16,27/02/2016, Havant, Away, Lose,23 ,24 , M Watkinson, S Younghusband, A Williams, A Burrill, L Fennemore, J Roberts, P Lucas, C Hodges, B Smith, S Fee, A Jordan, D Paton, L Rust, S Phillips, F Hooper, J Read, R Brooker, J Gomez
 London 1 S, 2015-16,20/02/2016, Chobham, Home, Win,27 ,23 , M Watkinson, R Brooker, B Mairs, A Burrill, D Fletcher, J Kirk, P Lucas, C Hodges, B Smith, D Paton, A Jordan, L Rust, S Flannery, S Phillips, F Hooper, A Williams, J Roberts, S Fee
 London 1 S, 2015-16,30/01/2016, Brighton, Home, Win,24 ,21 , A Williams, B Holden, B Mairs, A Burrill, L Fennemore, J Kirk, P Lucas, C Hodges, B Smith, D Paton, A Jordan, L Rust, T Harty, S Phillips, F Hooper, M Watkinson, R Brooker, S Fee
 London 1 S, 2015-16,23/01/2016, Twickenham, Away, Win,31 ,7 , A Williams, B Holden, B Mairs, L Fennemore, D Fletcher, J Kirk, P Lucas, C Hodges, B Smith, D Paton, A Jordan, L Rust, T Harty, S Phillips, F Hooper, M Watkinson, R Brooker, J Burden
 London 1 S, 2015-16,16/01/2016, Medway, Home, Win,31 ,-  , M Watkinson, B Holden, B Mairs, L Fennemore, J Roberts, J Kirk, P Lucas, C Hodges, B Smith, D Paton, A Jordan, L Rust, S Flannery, J Gomez, F Hooper, A Williams, R Brooker, J Burden
 London 1 S, 2015-16,09/01/2016, Dover, Away, Win,40 ,18 , M Watkinson, R Brooker, B Mairs, A Burrill, J Roberts, J Kirk, P Lucas, C Hodges, B Smith, S Fee, A Jordan, D Paton, S Flannery, J Gomez, J Burden, A Williams, L Fennemore, T Hothersall
 London 1 S, 2015-16,19/12/2015, Gosport & Fareham, Home, Win,31 ,7 , A Williams, R Brooker, B Mairs, A Burrill, J Roberts, J Kirk, M Kippenberger, C Hodges, J Burden, D Paton, A Jordan, L Rust, S Flannery, S Phillips, F Hooper, M Watkinson, S Kettle, S Fee
 London 1 S, 2015-16,05/12/2015, Sidcup, Home, Win,16 ,14 , A Williams, B Holden, B Mairs, L Fennemore, R Mitchell, P Lucas, J Kirk, C Hodges, B Smith, S Fee, A Jordan, S Flannery, T Harty, L Rust, F Hooper, R Brooker, D Fletcher, S Phillips
 London 1 S, 2015-16,01/12/2015, Maidstone, Away, Lose,14 ,36 , A Williams, R Brooker, B Mairs, A Burrill, R Mitchell, J Kirk, M Kippenberger, D Fletcher, B Smith, S Fee, M Evans, L Rust, S Flannery, S Phillips, A Jordan, M Watkinson, P Goodwin, J Burden
 London 1 S, 2015-16,28/11/2015, Chiswick, Away, Win,17 ,12 , A Williams, B Holden, B Mairs, A Burrill, L Fennemore, P Lucas, J Kirk, C Hodges, J Burden, S Fee, A Jordan, S Flannery, M Evans, S Phillips, F Hooper, R Brooker, D Fletcher, R Mitchell
 London 1 S, 2015-16,21/11/2015, Charlton Park, Home, Win,38 ,5 , M Watkinson, B Holden, B Mairs, A Burrill, L Fennemore, D Fletcher, J Kirk, C Hodges, B Smith, S Fee, A Jordan, L Rust, T Harty, S Phillips, F Hooper, A Williams, R Brooker, S Flannery
 London 1 S, 2015-16,14/11/2015, Sutton & Epsom, Home, Lose,15 ,17 , M Watkinson, B Holden, B Mairs, A Burrill, R Mitchell, D Fletcher, P Lucas, C Hodges, B Smith, S Fee, A Jordan, L Rust, S Flannery, S Phillips, F Hooper, A Williams, R Brooker, J Burden
 London 1 S, 2015-16,07/11/2015, Chobham, Away, Win,24 ,17 , M Watkinson, B Holden, B Mairs, A Burrill, R Mitchell, D Fletcher, S Flannery, P Lucas, B Smith, S Fee, A Jordan, L Rust, T Harty, S Phillips, F Hooper, R Brooker, A Williams, G Hutchins
 London 1 S, 2015-16,24/10/2015, Havant, Home, Win,31 ,27 , M Watkinson, B Holden, J Read, A Burrill, R Mitchell, P Lucas, J Kirk, R Brooker, G Davies, S Fee, A Jordan, S Flannery, T Harty, S Phillips, F Hooper, L Fennemore, J Roberts, T Gill
 London 1 S, 2015-16,10/10/2015, Brighton, Away, Win,37 ,12 , M Watkinson, B Holden, B Mairs, S McCarthy, R Mitchell, A Burrill, D Fletcher, R Brooker, B Smith, S Fee, A Jordan, L Rust, M Evans, S Phillips, F Hooper, A Williams, K Mannering, T Gill
 London 1 S, 2015-16,03/10/2015, Twickenham, Home, Win,46 ,15 , M Watkinson, B Holden, B Mairs, A Burrill, S McCarthy, S Flannery, D Fletcher, R Brooker, B Smith, G Davies, A Jordan, T Harty, L Rust, S Phillips, F Hooper, A Williams, S Vickery, S Fee
 London 1 S, 2015-16,26/09/2015, Medway, Away, Lose,18 ,30 , A Williams, J Read, B Mairs, L Fennemore, S McCarthy, D Fletcher, S Kettle, R Brooker, B Smith, G Hutchins, A Jordan, L Rust, S Flannery, B Barrow, G Davies, M Watkinson, S Vickery, S Fee
 London 1 S, 2015-16,19/09/2015, Dover, Home, Win,27 ,23 , A Williams, B Holden, B Mairs, L Fennemore, R Mitchell, P Lucas, J Kirk, R Brooker, B Smith, G Davies, A Jordan, S Flannery, T Harty, S Phillips, N Clarke, M Watkinson, S Vickery, J Burden
 London 1 S, 2015-16,12/09/2015, Gosport & Fareham, Away, Win,50 ,29 , A Williams, B Holden, B Mairs, L Fennemore, R Mitchell, D Fletcher, J Kirk, C Hodges, B Smith, G Davies, A Jordan, S Flannery, T Harty, S Phillips, F Hooper, J Read, R Brooker, G Hutchins
 London 1 S, 2015-16,05/09/2015, Tottonians, Home, Win,25 ,6 , A Williams, B Holden, B Mairs, K Mannering, J Roberts, P Lucas, J Kirk, D Fletcher, B Smith, G Davies, A Jordan, T Harty, L Rust, S Phillips, F Hooper, J Read, R Brooker, G Hutchins
 London 1 S, 2014-15,18/04/2015, Sutton & Epsom, Home, Lose,19 ,29 , M Watkinson, B Holden, B Mairs, L Fennemore, M Stockdale, D Fletcher, P Lucas, R Brooker, T Gill, S Fee, J Adam, N Tidman, S Flannery, S Phillips, B Barrow, J Read, J Roberts, N Clarke
 London 1 S, 2014-15,11/04/2015, Twickenham, Away, Lose,26 ,39 , M Watkinson, B Holden, B Mairs, L Fennemore, R Mitchell, D Fletcher, J Roberts, M Stockdale, M Shea, S Fee, A Jordan, N Tidman, B Barrow, S Phillips, J Adam, J Read, R Brooker, N Clarke
 London 1 S, 2014-15,28/03/2015, Havant, Home, Win,13 ,12 , M Watkinson, B Holden, B Mairs, K Mannering, L Fennemore, D Fletcher, C Cutting, R Brooker, M Shea, A Vaughan, J Adam, N Tidman, S Flannery, S Phillips, B Barrow, J Read, S Fee, A Jordan
 London 1 S, 2014-15,21/03/2015, Hove, Away, Win,48 ,21 , M Watkinson, B Holden, B Mairs, K Mannering, R Mitchell, R Brooker, J Kirk, M Stockdale, T Gill, A Vaughan, A Jordan, S Flannery, C King, S Phillips, B Barrow, A Williams, D Fletcher, H Phillips
 London 1 S, 2014-15,07/03/2015, Charlton Park, Home, Win,17 ,11 , M Watkinson, B Holden, B Mairs, K Mannering, R Mitchell, J Roberts, J Kirk, M Stockdale, T Gill, S Fee, J Adam, N Tidman, S Flannery, S Phillips, B Barrow, J Read, R Brooker, A Jordan
 London 1 S, 2014-15,28/02/2015, Sidcup, Away, Lose,7 ,31 , M Watkinson, B Holden, B Mairs, L Fennemore, R Mitchell, J Kirk, P Lucas, M Stockdale, T Gill, S Fee, T Hothersall, S Flannery, B Barrow, S Phillips, J Adam, J Read, J Roberts, A Jordan
 London 1 S, 2014-15,21/02/2015, Brighton, Home, Lose,18 ,20 , M Watkinson, B Holden, B Mairs, K Mannering, R Mitchell, D Fletcher, P Lucas, J Kirk, M Shea, R Andrews, D Wilde, N Tidman, B Barrow, S Phillips, J Adam, A Williams, R Brooker, S Fee
 London 1 S, 2014-15,07/02/2015, Gosport & Fareham, Away, Lose,22 ,23 , A Williams, B Holden, B Mairs, K Mannering, R Mitchell, J Kirk, P Lucas, M Stockdale, T Gill, A Vaughan, B Barrow, R Andrews, S Flannery, S Phillips, J Adam, R Brooker, J Roberts, C King
 London 1 S, 2014-15,31/01/2015, Chobham, Home, Lose,22 ,29 , M Watkinson, B Holden, B Mairs, M Stockdale, R Mitchell, J Roberts, D Fletcher, J Kirk, T Gill, S Fee, D Wilde, R Andrews, B Barrow, S Phillips, J Adam, A Williams, C Cutting, N Clarke
 London 1 S, 2014-15,17/01/2015, Cobham, Away, Lose,5 ,22 , M Watkinson, M Covington, A Williams, K Mannering, R Mitchell, J Roberts, D Fletcher, M Stockdale, M Shea, A Vaughan, D Wilde, R Andrews, S Flannery, S Phillips, N Clarke, J Read, R Brooker, A Devereux
 London 1 S, 2014-15,10/01/2015, Wimbledon, Home, Lose,26 ,30 , M Watkinson, B Holden, B Mairs, K Mannering, R Mitchell, J Roberts, P Lucas, M Stockdale, M Shea, S Fee, C King, S Flannery, R Andrews, S Phillips, J Adam, T Bridgland, S Kettle, A Devereux
 London 1 S, 2014-15,03/01/2015, Dover, Home, Win,32 ,14 , A Williams, B Holden, B Mairs, K Mannering, R Mitchell, J Kirk, D Fletcher, M Stockdale, M Shea, S Fee, C King, S Flannery, R Andrews, S Phillips, J Adam, J Read, R Brooker, A Devereux
 London 1 S, 2014-15,20/12/2014, Basingstoke, Away, Win,42 ,14 , M Watkinson, T Bridgland, B Mairs, K Mannering, R Mitchell, J Kirk, D Fletcher, R Brooker, T Gill, S Fee, D Wilde, S Flannery, R Andrews, S Phillips, J Adam, A Williams, L Fennemore, C King
 London 1 S, 2014-15,12/12/2014, Twickenham, Home, Win,29 ,12 , M Watkinson, T Bridgland, B Mairs, K Mannering, R Mitchell, J Roberts, D Fletcher, M Stockdale, M Shea, R Andrews, D Wilde, S Flannery, B Barrow, S Phillips, J Adam, B Holden, R Brooker, S Fee
 London 1 S, 2014-15,06/12/2014, Havant, Away, Win,20 ,15 , M Watkinson, B Holden, B Mairs, K Mannering, R Mitchell, J Roberts, D Fletcher, M Stockdale, T Gill, S Fee, D Wilde, S Flannery, B Barrow, S Phillips, J Adam, T Bridgland, R Brooker, R Andrews
 London 1 S, 2014-15,22/11/2014, Hove, Home, Win,48 ,3 , M Watkinson, T Bridgland, B Mairs, L Fennemore, K Mannering, D Fletcher, P Lucas, R Brooker, M Shea, S Fee, C King, B Barrow, D Wilde, S Phillips, J Adam, B Holden, C Cutting, A Vaughan
 London 1 S, 2014-15,15/11/2014, Charlton Park, Away, Win,19 ,16 , M Watkinson, B Holden, B Mairs, K Mannering, M Stockdale, J Roberts, R Brooker, J Kirk, T Gill, S Fee, C King, R Andrews, S Flannery, S Phillips, J Adam, A Williams, D Fletcher, N Clarke
 London 1 S, 2014-15,01/11/2014, Sidcup, Home, Win,18 ,17 , M Watkinson, B Holden, B Mairs, S McCarthy, R Mitchell, J Roberts, P Lucas, M Stockdale, M Shea, S Fee, N Clarke, R Andrews, S Flannery, S Barclay, J Adam, J Read, R Brooker, C King
 London 1 S, 2014-15,25/10/2014, Brighton, Away, Win,18 ,10 , M Watkinson, B Holden, B Mairs, L Fennemore, R Mitchell, J Roberts, P Lucas, J Kirk, M Shea, S Fee, N Clarke, S Flannery, B Barrow, S Barclay, J Adam, T Bridgland, S McCarthy, C King
 London 1 S, 2014-15,18/10/2014, Gosport & Fareham, Home, Win,46 ,19 , M Watkinson, B Holden, B Mairs, L Fennemore, R Mitchell, J Roberts, J Kirk, M Stockdale, M Shea, R Andrews, A Devereux, S Flannery, B Barrow, S Barclay, J Adam, T Bridgland, P Lucas, N Clarke
 London 1 S, 2014-15,11/10/2014, Chobham, Away, Lose,5 ,12 , M Watkinson, B Holden, B Mairs, K Mannering, M Stockdale, J Roberts, P Lucas, J Kirk, M Shea, R Andrews, A Devereux, S Flannery, B Barrow, S Barclay, J Adam, T Bridgland, R Brooker, A Vaughan
 London 1 S, 2014-15,04/10/2014, Cobham, Home, Win,24 ,7 , M Watkinson, B Holden, B Mairs, K Mannering, R Mitchell, J Kirk, P Lucas, M Stockdale, M Shea, A Vaughan, A Devereux, R Andrews, S Flannery, B Barrow, J Adam, T Bridgland, R Brooker, S Barclay
 London 1 S, 2014-15,27/09/2014, Wimbledon, Away, Lose,15 ,18 , M Watkinson, B Holden, B Mairs, M Stockdale, R Mitchell, J Kirk, P Lucas, N Taft, T Gill, A Vaughan, S Barclay, R Andrews, B Barrow, A Jordan, J Adam, T Bridgland, J Roberts, S Fee
 London 1 S, 2014-15,20/09/2014, Dover, Away, Win,26 ,10 , M Watkinson, T Bridgland, B Mairs, K Mannering, R Mitchell, J Roberts, P Lucas, J Kirk, T Gill, A Vaughan, S Barclay, R Andrews, S Flannery, B Barrow, J Adam, B Holden, R Brooker, A Jordan
 London 1 S, 2014-15,13/09/2014, Basingstoke, Home, Win,37 ,31 , J Read, B Holden, B Mairs, K Mannering, R Mitchell, J Roberts, P Lucas, N Taft, T Gill, A Vaughan, A Jordan, R Andrews, S Flannery, B Barrow, J Adam, T Bridgland, R Brooker, S Fee
 London 1 S, 2014-15,06/09/2014, Sutton & Epsom, Away, Win,26 ,24 , M Watkinson, B Holden, B Mairs, K Mannering, R Mitchell, J Roberts, J Kirk, M Stockdale, R Andrews, A Vaughan, A Jordan, C King, B Barrow, S Barclay, J Adam, T Bridgland, R Brooker, S Fee
 London 2 SW, 2013-14,12/04/2014, London Cornish, Away, Win,48 ,21 , B Holden, M Covington, M Watkinson, M Stockdale, R Mitchell, J Roberts, J Kirk, N Taft, M Shea, S Fee, B Barrow, M Humphries, R Andrews, J Stillwell, B Hopkin, T Bridgland, L Fennemore, A Vaughan
 London 2 SW, 2013-14,05/04/2014, Trojans, Home, Win,57 ,10 , M Watkinson, M Covington, B Mairs, J Taylor, L Fennemore, M Stockdale, J Roberts, N Taft, M Shea, S Fee, B Barrow, M Humphries, N Tidman, J Stillwell, B Hopkin, R Thornber, B Holden, A Jordan
 London 2 SW, 2013-14,29/03/2014, Weybridge Vandals, Away, Win,31 ,7 , M Watkinson, B Holden, B Mairs, R Mitchell, J Taylor, J Roberts, J Kirk, N Taft, R Andrews, S Fee, B Barrow, M Humphries, N Tidman, A Jordan, B Hopkin, M Covington, M Stockdale, J Stillwell
 London 2 SW, 2013-14,22/03/2014, Portsmouth, Away, Win,33 ,10 , M Watkinson, M Covington, B Mairs, R Mitchell, J Taylor, M Stockdale, J Kirk, N Taft, M Shea, S Fee, B Barrow, R Andrews, N Tidman, A Jordan, A Vaughan, B Holden, R Brooker, M Humphries
 London 2 SW, 2013-14,08/03/2014, Gosport & Fareham, Home, Win,32 ,10 , M Watkinson, B Holden, B Mairs, R Mitchell, J Taylor, J Roberts, J Kirk, M Stockdale, M Shea, A Vaughan, J Stillwell, M Humphries, B Barrow, A Jordan, J Adam, T Bridgland, P Lucas, S Fee
 London 2 SW, 2013-14,01/03/2014, Tottonians, Away, Win,47 ,3 , M Watkinson, M Covington, B Mairs, K Mannering, L Fennemore, J Roberts, P Lucas, J Kirk, M Shea, A Vaughan, J Stillwell, M Humphries, N Tidman, A Jordan, J Adam, B Holden, R Brooker, S Fee
 London 2 SW, 2013-14,15/02/2014, Teddington, Home, Win,57 ,-  , M Watkinson, M Covington, B Mairs, J Taylor, R Mitchell, J Roberts, J Kirk, M Stockdale, M Shea, A Vaughan, J Stillwell, M Humphries, N Tidman, A Jordan, J Adam, B Holden, P Lucas, B Hopkin
 London 2 SW, 2013-14,01/02/2014, Old Alleynians, Home, Win,53 ,8 , M Watkinson, M Covington, B Mairs, J Taylor, R Mitchell, J Roberts, P Lucas, R Brooker, M Shea, A Vaughan, J Stillwell, S Fee, N Tidman, B Hopkin, J Adam, T Bridgland, B Holden, N Clarke
 London 2 SW, 2013-14,18/01/2014, Old Reigatians, Away, Win,22 ,11 , M Watkinson, M Covington, B Mairs, L Fennemore, R Mitchell, J Roberts, J Kirk, J Taylor, M Shea, A Vaughan, J Stillwell, N Tidman, M Humphries, B Hopkin, J Adam, T Bridgland, R Brooker, R Andrews
 London 2 SW, 2013-14,11/01/2014, Winchester, Home, Win,30 ,19 , R Thornber, M Covington, T Bridgland, K Mannering, R Mitchell, J Roberts, B Leah, P Lucas, T Fuller, A Vaughan, J Stillwell, N Tidman, M Humphries, A Jordan, B Hopkin, B Mairs, R Brooker, R Andrews
 London 2 SW, 2013-14,14/12/2013, Effingham & Leatherhead, Home, Win,38 ,8 , M Watkinson, T Bridgland, R Thornber, K Mannering, R Mitchell, J Roberts, J Kirk, J Taylor, M Shea, A Vaughan, J Stillwell, N Tidman, M Humphries, A Jordan, J Adam, R Brooker, B Leah, S Fee
 London 2 SW, 2013-14,07/12/2013, Trojans, Away, Win,20 ,13 , R Thornber, M Covington, B Mairs, K Mannering, R Mitchell, J Roberts, J Taylor, N Taft, M Shea, A Vaughan, J Stillwell, N Tidman, B Barrow, M McEwan, J Adam, T Bridgland, B Leah, B Hopkin
 London 2 SW, 2013-14,30/11/2013, Portsmouth, Home, Win,69 ,10 , R Thornber, M Covington, B Mairs, K Mannering, R Mitchell, J Roberts, B Leah, J Taylor, M Shea, A Vaughan, J Stillwell, N Tidman, M Humphries, B Barrow, J Adam, T Bridgland, R Brooker, B Hopkin
 London 2 SW, 2013-14,28/11/2013, Gosport & Fareham, Away, Lose,15 ,18 , R Thornber, M Covington, B Mairs, K Mannering, R Mitchell, J Roberts, J Kirk, J Taylor, M Shea, A Vaughan, J Stillwell, N Tidman, M Humphries, S Phillips, J Adam, T Bridgland, R Brooker, B Hopkin
 London 2 SW, 2013-14,09/11/2013, Tottonians, Home, Win,36 ,25 , R Thornber, M Covington, B Mairs, K Mannering, R Mitchell, J Roberts, J Kirk, N Taft, M Shea, A Vaughan, B Barrow, N Tidman, M Humphries, S Phillips, J Adam, M Watkinson, L Fennemore, B Hopkin
 London 2 SW, 2013-14,02/11/2013, Teddington, Away, Win,41 ,7 , R Thornber, M Covington, B Mairs, J Taylor, R Mitchell, J Roberts, J Kirk, N Taft, M Shea, A Vaughan, B Barrow, N Tidman, B Hopkin, S Phillips, J Adam, B Leah, K Mannering, M Humphries
 London 2 SW, 2013-14,26/10/2013, Weybridge Vandals, Home, Win,33 ,7 , R Thornber, M Covington, B Mairs, L Fennemore, R Mitchell, J Roberts, J Kirk, N Taft, M Shea, B Hopkin, N Clarke, N Tidman, B Barrow, S Phillips, J Adam, M Watkinson, K Mannering, A Vaughan
 London 2 SW, 2013-14,12/10/2013, Old Alleynians, Home, Win,40 ,23 , T Bridgland, M Covington, B Mairs, K Mannering, R Mitchell, J Roberts, P Lucas, N Taft, P Davey, A Vaughan, S Phillips, N Tidman, B Barrow, J Stillwell, J Adam, B Leah, J Kirk, S Fee
 London 2 SW, 2013-14,05/10/2013, Winchester, Away, Win,27 ,21 , M Watkinson, M Covington, B Mairs, K Mannering, R Mitchell, J Roberts, P Lucas, J Kirk, M Shea, A Vaughan, T McEwan, N Tidman, J Stillwell, S Phillips, J Adam, T Bridgland, R Brooker, B Hopkin
 London 2 SW, 2013-14,28/09/2013, Old Reigatians, Home, Win,39 ,12 , M Watkinson, R Brooker, B Mairs, K Mannering, L Fennemore, J Roberts, J Kirk, J Taylor, T Fuller, A Vaughan, B Barrow, N Tidman, M Humphries, S Phillips, J Adam, R Thornber, T Devereux, M Shea
 London 2 SW, 2013-14,21/09/2013, Effingham & Leatherhead, Away, Win,50 ,5 , M Watkinson, M Covington, B Mairs, K Mannering, R Mitchell, J Roberts, J Kirk, N Taft, T Fuller, A Vaughan, J Stillwell, M Humphries, B Barrow, S Phillips, J Adam, T Bridgland, L Fennemore, N Tidman
 London 2 SW, 2013-14,14/09/2013, London Cornish, Home, Win,22 ,10 , M Watkinson, M Covington, B Mairs, K Mannering, R Mitchell, J Roberts, J Kirk, J Rand, C Jordan, A Vaughan, S Phillips, S Fee, B Barrow, N Clarke, J Adam, R Thornber, P Lucas, E Rich
 London 2 SW, 2012-13,13/04/2013, Chobham, Home, Lose,17 ,20 , M Watkinson, T Bridgland, B Mairs, R Mitchell, K Mannering, J Roberts, J Burrows, N Taft, M Shea, A Vaughan, S Barclay, N Tidman, F Efthymiou, T McEwan, J Adam, R Thornber, R Brooker, B Barrow
 London 2 SW, 2012-13,06/04/2013, Camberley, Away, Win,86 ,6 , M Watkinson, T Bridgland, B Mairs, L Fennemore, K Mannering, J Roberts, J Kirk, R Mitchell, M Shea, A Vaughan, S Barclay, N Tidman, M Humphries, F Efthymiou, J Adam, R Thornber, M Clet, T McEwan
 London 2 SW, 2012-13,22/03/2013, Tottonians, Home, Win,33 ,3 , M Watkinson, J Hatcher, B Mairs, R Mitchell, K Mannering, J Roberts, J Burrows, R Brooker, M Shea, A Vaughan, S Barclay, N Tidman, M Humphries, F Efthymiou, J Adam, T Bridgland, L Fennemore, B Barrow
 London 2 SW, 2012-13,09/03/2013, Effingham & Leatherhead, Home, Win,35 ,10 , M Watkinson, J Hatcher, B Mairs, R Mitchell, K Mannering, J Roberts, J Burrows, J Kirk, M Shea, A Vaughan, S Barclay, N Tidman, M Humphries, F Efthymiou, J Adam, T Bridgland, R Brooker, T McEwan
 London 2 SW, 2012-13,02/03/2013, Old Reigatians, Away, Win,60 ,6 , M Watkinson, J Hatcher, B Mairs, R Mitchell, K Mannering, J Roberts, J Burrows, N Taft, M Shea, A Vaughan, S Barclay, N Tidman, M Humphries, F Efthymiou, J Adam, T Bridgland, R Brooker, T McEwan
 London 2 SW, 2012-13,16/02/2013, Teddington, Home, Win,29 ,3 , T Bridgland, J Hatcher, R Thornber, R Mitchell, K Mannering, J Rand, J Burrows, N Taft, M Shea, A Vaughan, S Barclay, M Humphries, F Efthymiou, B Barrow, J Adam, M Watkinson, J Roberts, R Brooker
 London 2 SW, 2012-13,08/02/2013, London Cornish, Away, Win,31 ,6 , M Watkinson, T Bridgland, B Mairs, R Mitchell, K Mannering, R Brooker, J Kirk, J Rand, M Shea, A Vaughan, B Barrow, M Humphries, N Tidman, F Efthymiou, J Adam, J Hatcher, L Fennemore, T McEwan
 London 2 SW, 2012-13,02/02/2013, Old Alleynians, Away, Win,35 ,5 , M Watkinson, J Hatcher, B Mairs, R Mitchell, K Mannering, J Roberts, J Burrows, J Rand, M Shea, M Humphries, A Gee, N Tidman, J Adam, B Barrow, R Brooker, T Bridgland, J Kirk, P Davey
 London 2 SW, 2012-13,26/01/2013, Portsmouth, Home, Win,46 ,6 , M Watkinson, J Hatcher, B Mairs, R Mitchell, K Mannering, J Roberts, J Burrows, N Taft, M Shea, A Vaughan, S Barclay, M Humphries, N Tidman, F Efthymiou, J Adam, T Bridgland, R Brooker, B Barrow
 London 2 SW, 2012-13,12/01/2013, KCS Old Boys, Home, Win,54 ,-  , M Watkinson, T Bridgland, R Thornber, R Mitchell, K Mannering, J Roberts, J Burrows, J Rand, M Shea, B Hopkin, T McEwan, A Vaughan, M Humphries, S Barclay, J Adam, J Hatcher, R Brooker, F Efthymiou
 London 2 SW, 2012-13,05/01/2013, Sutton & Epsom, Away, Lose,19 ,21 , M Watkinson, J Hatcher, B Mairs, L Fennemore, K Mannering, R Brooker, J Burrows, N Taft, M Shea, B Hopkin, T McEwan, A Vaughan, J Adam, S Barclay, N Tidman, T Bridgland, J Roberts, J Stillwell
 London 2 SW, 2012-13,15/12/2012, Camberley, Home, Win,39 ,15 , R Thornber, J Hatcher, B Mairs, L Fennemore, K Mannering, R Brooker, J Burrows, J Roberts, M Shea, B Hopkin, S Barclay, N Tidman, J Adam, J Stillwell, T McEwan, T Bridgland, T Devereux, C Maguire
 London 2 SW, 2012-13,08/12/2012, Tottonians, Away, Lose,20 ,39 , R Thornber, J Hatcher, B Mairs, L Fennemore, K Mannering, R Brooker, J Burrows, J Kirk, M Shea, A Vaughan, J Stillwell, N Tidman, J Adam, T McEwan, B Hopkin, T Bridgland, T Devereux, M Evans
 London 2 SW, 2012-13,24/11/2012, Effingham & Leatherhead, Away, Win,30 ,12 , R Thornber, J Hatcher, B Mairs, L Fennemore, K Mannering, R Brooker, J Burrows, J Kirk, M Shea, A Vaughan, S Barclay, M Humphries, J Adam, J Stillwell, B Hopkin, T Bridgland, T Devereux, F Efthymiou
 London 2 SW, 2012-13,17/11/2012, Old Reigatians, Home, Lose,15 ,26 , R Thornber, T Bridgland, B Mairs, L Fennemore, K Mannering, J Kirk, J Burrows, N Taft, M Shea, A Vaughan, T McEwan, M Humphries, J Adam, J Stillwell, B Hopkin, J Hatcher, R Brooker, S Barclay
 London 2 SW, 2012-13,03/11/2012, Teddington, Away, Win,27 ,23 , M Clet, T Bridgland, R Thornber, L Fennemore, K Mannering, R Brooker, J Burrows, J Kirk, M Shea, B Hopkin, A Gee, M Humphries, J Adam, J Stillwell, N Tidman, J Hatcher, K Casey, M Evans
 London 2 SW, 2012-13,27/10/2012, London Cornish, Home, Win,43 ,18 , M Clet, J Hatcher, B Mairs, L Fennemore, K Mannering, J Kirk, J Burrows, N Taft, M Shea, B Hopkin, S Barclay, M Humphries, J Adam, T McEwan, A Vaughan, K Casey, R Brooker, N Tidman
 London 2 SW, 2012-13,20/10/2012, Portsmouth, Away, Lose,10 ,27 , M Clet, T Bridgland, B Mairs, L Fennemore, J Rand, J Kirk, S Vickery, K Casey, M Shea, B Hopkin, T McEwan, M Humphries, J Adam, A Vaughan, N Tidman, J Hatcher, K Mannering, J Stillwell
 London 2 SW, 2012-13,06/10/2012, Old Alleynians, Home, Win,33 ,3 , M Watkinson, T Bridgland, B Mairs, L Fennemore, J Rand, R Brooker, J Roberts, N Steynberg, S Tetzlaff, B Hopkin, M Shea, N Tidman, J Adam, T McEwan, A Vaughan, M Clet, J Burrows, S Barclay
 London 2 SW, 2012-13,29/09/2012, KCS Old Boys, Away, Win,41 ,20 , M Watkinson, T Bridgland, B Mairs, L Fennemore, N Steynberg, R Brooker, J Roberts, K Casey, M Shea, B Hopkin, T McEwan, N Tidman, J Adam, A Plaistowe, A Vaughan, S Vickery, J Kirk, J Conway
 London 2 SW, 2012-13,22/09/2012, Sutton & Epsom, Home, Lose,14 ,46 , M Watkinson, T Bridgland, B Mairs, S McCarthy, R Mitchell, J Kirk, R Brooker, J Roberts, M Shea, B Hopkin, J Conway, N Tidman, J Adam, A Jordan, M McEwan, K Casey, L Fennemore, S Barclay
 London 2 SW, 2012-13,15/09/2012, Chobham, Away, Win,24 ,21 , M Watkinson, T Bridgland, B Mairs, J Rand, R Mitchell, J Malan, R Brooker, J Roberts, M Shea, B Hopkin, T McEwan, N Tidman, J Adam, A Jordan, M Humphries, K Casey, B Holden, M McEwan
 London 2 SW, 2011-12,14/04/2012, Gosport & Fareham, Home, Lose,17 ,20 , M Watkinson, J Hatcher, T Bridgland, N Steynberg, R Mitchell, K Casey, S Vickery, R McGuinness, R Brooker, A Vaughan, A Gee, N Tidman, J Adam, S Phillips, D Elley, M Clet, L Fennemore, M Shea
 London 2 SW, 2011-12,07/04/2012, Teddington, Away, Lose,13 ,36 , M Watkinson, J Hatcher, T Bridgland, L Fennemore, T Price, K Casey, S Vickery, R McGuinness, R Brooker, A Vaughan, A Gee, J Adam, D Elley, M Evans, J Denning, M Clet, T Rankin, S Phillips
 London 2 SW, 2011-12,31/03/2012, Tottonians, Away, Lose,17 ,46 , M Watkinson, J Hatcher, T Bridgland, L Fennemore, R Mitchell, K Casey, S Vickery, R McGuinness, R Brooker, A Vaughan, A Gee, N Tidman, J Adam, M Evans, E Rich, L Green, A Barbier, S Beadle
 London 2 SW, 2011-12,24/03/2012, Camberley, Home, Win,27 ,17 , M Clet, J Hatcher, T Bridgland, L Fennemore, R Mitchell, K Casey, S Vickery, R McGuinness, R Brooker, A Vaughan, S Beadle, N Tidman, J Adam, M Shea, E Rich, M Watkinson, A Barbier, M Evans
 London 2 SW, 2011-12,10/03/2012, Bognor, Away, Lose,12 ,23 , M Clet, J Hatcher, T Bridgland, L Fennemore, T Price, M Watkinson, S Vickery, K Casey, R Brooker, A Vaughan, A Gee, N Tidman, J Adam, S Beadle, E Rich, A Barbier, D Kellerman, P Davey
 London 2 SW, 2011-12,03/03/2012, London Cornish, Home, Win,37 ,12 , M Clet, J Hatcher, T Bridgland, L Fennemore, R Mitchell, K Casey, M Stuart, R McGuinness, R Brooker, A Vaughan, A Gee, N Tidman, J Adam, S Phillips, E Rich, M Watkinson, S Vickery, S Beadle
 London 2 SW, 2011-12,18/02/2012, Old Reigatians, Home, Win,13 ,11 , M Clet, J Hatcher, T Bridgland, L Fennemore, R Mitchell, K Casey, M Stuart, R McGuinness, M Shea, A Vaughan, A Gee, N Tidman, J Adam, S Phillips, D Elley, M Watkinson, R Brooker, E Rich
 London 2 SW, 2011-12,28/01/2012, Wimbledon, Home, Lose,15 ,34 , M Watkinson, J Hatcher, T Bridgland, L Fennemore, R Mitchell, S McCarthy, J Kirk, R McGuinness, M Shea, A Vaughan, D Elley, D McDavitt, J Adam, S Phillips, N Tidman, L Green, R Brooker, M Evans
 London 2 SW, 2011-12,14/01/2012, Twickenham, Away, Win,37 ,8 , M Watkinson, J Hatcher, T Bridgland, N Steynberg, R Mitchell, K Casey, J Kirk, R McGuinness, M Shea, A Vaughan, D Elley, D McDavitt, J Adam, S Phillips, N Tidman, L Green, L Fennemore, R Brooker
 London 2 SW, 2011-12,07/01/2012, Effingham & Leatherhead, Home, Win,21 ,19 , M Watkinson, J Hatcher, T Bridgland, L Fennemore, R Mitchell, S McCarthy, J Kirk, R McGuinness, M Shea, A Vaughan, D Elley, D McDavitt, J Adam, S Phillips, N Tidman, L Green, R Brooker, M Evans
 London 2 SW, 2011-12,17/12/2011, Chobham, Away, Win,35 ,5 , M Watkinson, J Hatcher, T Bridgland, L Fennemore, R Mitchell, N Steynberg, J Kirk, R McGuinness, R Brooker, A Vaughan, M Evans, D McDavitt, J Adam, S Phillips, N Tidman, L Green, A Barbier, T Rankin
 London 2 SW, 2011-12,10/12/2011, Tottonians, Home, Win,36 ,15 , M Watkinson, J Hatcher, L Green, N Steynberg, R Mitchell, A King, J Kirk, R McGuinness, M Shea, A Vaughan, R Brooker, N Tidman, J Adam, D Elley, T Felan, T Bridgland, L Fennemore, M Evans
 London 2 SW, 2011-12,03/12/2011, Camberley, Away, Win,43 ,22 , M Watkinson, J Hatcher, T Bridgland, N Steynberg, R Mitchell, A King, J Kirk, R McGuinness, M Shea, A Vaughan, A Gee, J Adam, D Elley, S Phillips, T Felan, L Green, R Brooker, L Fennemore
 London 2 SW, 2011-12,19/11/2011, Bognor, Home, Win,31 ,10 , M Watkinson, T Bridgland, A Fraser, L Fennemore, R Mitchell, J Rand, R Brooker, N Steynberg, T Felan, A Vaughan, A Gee, D McDavitt, J Adam, S Phillips, N Tidman, M Lambourne, J Kirk, D Elley
 London 2 SW, 2011-12,12/11/2011, London Cornish, Away, Win,23 ,13 , M Watkinson, T Bridgland, B Mairs, L Fennemore, R Mitchell, J Rand, R Brooker, R McGuinness, M Shea, A Vaughan, A Gee, N Tidman, J Adam, S Phillips, D Elley, A Fraser, M Covington, D McDavitt
 London 2 SW, 2011-12,29/10/2011, Old Reigatians, Away, Lose,10 ,22 , M Watkinson, T Bridgland, A Fraser, N Steynberg, R Mitchell, A Barbier, D Kellerman, R McGuinness, M Shea, T Felan, A Gee, N Tidman, J Adam, S Phillips, A Plaistowe, M Lambourne, R Brooker, A Vaughan
 London 2 SW, 2011-12,22/10/2011, Teddington, Home, Win,18 ,16 , M Watkinson, J Hatcher, T Bridgland, N Steynberg, R Mitchell, A Smith, J Kirk, R McGuinness, R Brooker, T Felan, J Adam, D McDavitt, T Brown, S Phillips, N Tidman, A Fraser, A Barbier, A Gee
 London 2 SW, 2011-12,08/10/2011, Wimbledon, Away, Lose,11 ,50 , M Watkinson, J Hatcher, T Bridgland, S McCarthy, R Mitchell, J Kirk, A Barbier, A King, R Brooker, T Felan, S Phillips, D McDavitt, T Brown, A Gee, N Tidman, A Fraser, D Kellerman, J Adam
 London 2 SW, 2011-12,01/10/2011, Twickenham, Home, Win,27 ,20 , M Watkinson, J Hatcher, A Fraser, L Fennemore, R Mitchell, A Smith, A Barbier, R McGuinness, R Brooker, T Felan, S Phillips, D McDavitt, T Brown, A Gee, N Tidman, G Hodgson, D Kellerman, J Adam
 London 2 SW, 2011-12,24/09/2011, Effingham & Leatherhead, Away, Win,36 ,3 , M Watkinson, J Hatcher, T Bridgland, S McCarthy, R Mitchell, A Smith, J Kirk, R McGuinness, R Brooker, T Brown, S Phillips, D McDavitt, N Tidman, A Gee, A Plaistowe, A Fraser, L Fennemore, T Felan
 London 2 SW, 2011-12,17/09/2011, Chobham, Home, Win,25 ,12 , M Watkinson, J Hatcher, T Bridgland, N Steynberg, R Mitchell, A Smith, J Kirk, R McGuinness, R Brooker, T Brown, S Phillips, D McDavitt, N Tidman, A Gee, A Plaistowe, T Kiley, M Stuart, J Adam
 London 2 SW, 2011-12,10/09/2011, Gosport & Fareham, Away, Lose,3 ,30 , A Fraser, J Hatcher, T Bridgland, N Steynberg, L Fennemore, M Stuart, D Kellerman, J Kirk, R Brooker, A Vaughan, S Phillips, D McDavitt, R McGuinness, J Denning, A Plaistowe, J Blignaut, A King, A Gee
 London 2 SW, 2010-11,09/04/2011, Gosport & Fareham, Away, Lose,12 ,18 , M Watkinson, T Bridgland, M Lambourne, S McCarthy, J Rand, M Covington, D Rae, J Kirk, R Brooker, A Vaughan, C Clarence-Smith, N Tidman, T Brown, S Phillips, D Elley, R McGuinness, R Mitchell, A Plaistowe
 London 2 SW, 2010-11,26/03/2011, Tottonians, Home, Win,34 ,17 , M Watkinson, T Bridgland, M Lambourne, S McCarthy, J Rand, M Covington, D Rae, J Kirk, R Brooker, A Vaughan, D Elley, D McDavitt, T Brown, J Denning, N Tidman, J Hatcher, R Mitchell, S Phillips
 London 2 SW, 2010-11,12/03/2011, Guernsey, Away, Lose,10 ,13 , M Watkinson, T Bridgland, M Lambourne, S McCarthy, J Rand, J Kirk, D Rae, R McGuinness, R Brooker, A Vaughan, D Elley, D McDavitt, T Brown, J Denning, N Tidman, J Hatcher, M Covington, C Clarence-Smith
 London 2 SW, 2010-11,05/03/2011, Old Reigatians, Home, Win,37 ,10 , M Watkinson, T Bridgland, M Lambourne, S McCarthy, J Rand, J Kirk, D Rae, R McGuinness, R Brooker, A Vaughan, D Elley, D McDavitt, T Brown, J Denning, N Tidman, J Hatcher, M Covington, C Clarence-Smith
 London 2 SW, 2010-11,26/02/2011, Effingham & Leatherhead, Home, Lose,11 ,16 , J Blignaut, T Bridgland, M Lambourne, R Mitchell, J Rand, S McCarthy, J Kirk, R McGuinness, A Houston, A Vaughan, D Elley, N Tidman, T Brown, S Phillips, R Brooker, J Hatcher, M Covington, J Denning
 London 2 SW, 2010-11,19/02/2011, Trojans, Away, Lose,13 ,28 , M Watkinson, T Bridgland, J Hatcher, R Mitchell, S McCarthy, M Covington, D Rae, R McGuinness, R Brooker, A Vaughan, D Elley, D McDavitt, T Brown, S Phillips, N Tidman, M Lambourne, A King, J Denning
 London 2 SW, 2010-11,12/02/2011, Guernsey, Home, Win,25 ,13 , M Watkinson, T Bridgland, M Lambourne, R Mitchell, S McCarthy, R Brooker, D Rae, R McGuinness, A Houston, A Vaughan, D Elley, D McDavitt, T Brown, S Phillips, N Tidman, J Hatcher, J Kirk, A King
 London 2 SW, 2010-11,05/02/2011, Bognor, Home, Win,19 ,-  , M Watkinson, T Bridgland, M Lambourne, R Mitchell, J Rand, M Covington, D Rae, A Smith, R Brooker, A Vaughan, D Elley, D McDavitt, T Brown, S Phillips, N Tidman, J Hatcher, J Kirk, J Denning
 London 2 SW, 2010-11,29/01/2011, Weybridge Vandals, Away, Win,39 ,3 , T Bridgland, J Hatcher, B Mairs, R Mitchell, J Rand, M Covington, D Rae, A Smith, A Houston, A Vaughan, D Elley, D McDavitt, T Brown, S Phillips, N Tidman, M Watkinson, R McGuinness, J Denning
 London 2 SW, 2010-11,21/01/2011, London Cornish, Away, Win,21 ,13 , M Watkinson, T Bridgland, B Mairs, R Mitchell, J Rand, A Smith, D Rae, R McGuinness, R Brooker, A Vaughan, D Elley, D McDavitt, T Brown, S Phillips, N Tidman, J Hatcher, M Covington, J Denning
 London 2 SW, 2010-11,15/01/2011, Twickenham, Home, Win,25 ,13 , M Watkinson, T Bridgland, B Mairs, R Mitchell, J Rand, A Smith, D Rae, R McGuinness, R Brooker, T Brown, D Elley, D McDavitt, C Clarence-Smith, S Phillips, N Tidman, J Hatcher, M Covington, J Denning
 London 2 SW, 2010-11,08/01/2011, KCS Old Boys, Home, Win,25 ,23 , M Watkinson, J Hatcher, B Mairs, R Mitchell, J Rand, A Smith, D Rae, R McGuinness, R Brooker, A Vaughan, D Elley, D McDavitt, C Clarence-Smith, S Phillips, J Denning, T Bridgland, T Brown (2), L Kavanagh
 London 2 SW, 2010-11,10/12/2010, Tottonians, Away, Lose,22 ,37 , M Watkinson, T Bridgland, B Mairs, R Mitchell, J Rand, M Covington, D Rae, R McGuinness, R Brooker, A Vaughan, S Phillips, L Kavanagh, C Clarence-Smith, D McDavitt, D Elley, J Hatcher, P Davey, J Denning
 London 2 SW, 2010-11,20/11/2010, Old Reigatians, Away, Win,25 ,16 , M Watkinson, T Bridgland, B Mairs, J Rand, A Smith, M Covington, D Rae, R Mitchell, R Brooker, A Vaughan, R McGuinness, L Kavanagh, C Clarence-Smith, S Phillips, D Elley, J Hatcher, S Dawson, J Denning
 London 2 SW, 2010-11,13/11/2010, Trojans, Home, Lose,12 ,22 , T Bridgland, J Hatcher, B Mairs, S McCarthy, J Rand, R Brooker, D Rae, R Mitchell, P Davey, A Vaughan, R McGuinness, N Tidman, L Kavanagh, S Phillips, D Elley, M Lambourne, S Dawson, S Beadle
 London 2 SW, 2010-11,30/10/2010, Bognor, Away, Win,15 ,11 , M Watkinson, T Bridgland, B Mairs, S McCarthy, J Rand, M Covington, A Smith, R Mitchell, R Brooker, A Vaughan, R McGuinness, L Kavanagh, D McDavitt, S Phillips, D Elley, J Hatcher, D Rae, P Davey
 London 2 SW, 2010-11,23/10/2010, Weybridge Vandals, Home, Win,34 ,26 , M Watkinson, J Hatcher, B Mairs, S McCarthy, J Rand, A Smith, D Rae, R Mitchell, A Houston, A Vaughan, R McGuinness, N Tidman, D McDavitt, S Phillips, A Plaistowe, T Bridgland, M Covington, L Kavanagh
 London 2 SW, 2010-11,09/10/2010, London Cornish, Home, Win,29 ,27 , M Watkinson, T Bridgland, B Mairs, S McCarthy, J Rand, D Rae, M Covington, A Smith, R Brooker, A Plaistowe, R McGuinness, N Tidman, D McDavitt, S Phillips, D Elley, J Hatcher, R Kirk, J Conway
 London 2 SW, 2010-11,02/10/2010, Twickenham, Away, Win,17 ,10 , M Watkinson, T Bridgland, B Mairs, S McCarthy, J Rand, D Rae, M Covington, A Smith, R Brooker, A Vaughan, D Elley, N Tidman, D McDavitt, S Phillips, J Conway, P Davey, E Scott-Bowden, S Vickery
 London 2 SW, 2010-11,25/09/2010, KCS Old Boys, Away, Win,62 ,6 , M Watkinson, J Hatcher, B Mairs, S McCarthy, M Powell, D Rae, M Covington, R Brooker, P Davey, A Vaughan, R McGuinness, N Tidman, D McDavitt, S Phillips, J Conway, T Bridgland, A Smith, D Elley
 London 2 SW, 2010-11,18/09/2010, Effingham & Leatherhead, Away, Draw,19 ,19 , M Watkinson, J Hatcher, B Mairs, S Dawson, M Powell, S McCarthy, A Smith, D Rae, P Davey, A Vaughan, R McGuinness, N Tidman, D McDavitt, L Kavanagh, J Conway, T Bridgland, S Vickery, M Covington
 London 2 SW, 2010-11,11/09/2010, Gosport & Fareham, Home, Win,21 ,19 , M Watkinson, J Hatcher, B Mairs, S McCarthy, S Dawson, A Smith, S Vickery, D Rae, R Brooker, A Vaughan, R McGuinness, N Tidman, D McDavitt, S Phillips, J Conway, T Bridgland, M Powell, C Clarence-Smith
 London 2 SW, 2009-10,10/04/2010, London Cornish, Home, Win,34 ,10 , M Watkinson, T Bridgland, M Clet, R Mitchell, S McCarthy, A Vernon, M Covington, R Brooker, A Houston, A Vaughan, S Phillips, N Tidman, C Maguire, J Wilkin, D Elley, T Kiley, L Fennemore, A Turns
 London 2 SW, 2009-10,27/03/2010, London Irish Amateur, Home, Lose,22 ,25 , M Watkinson, T Bridgland, M Clet, R Mitchell, S McCarthy, A Vernon, M Covington, R Brooker, A Houston, A Vaughan, S Phillips, N Tidman, I Stewart, M Evans, D Elley, A Fraser, L Fennemore, M Stuart
 London 2 SW, 2009-10,20/03/2010, Effingham & Leatherhead, Away, Draw,18 ,18 , M Clet, T Bridgland, B Mairs, R Mitchell, S McCarthy, A Vernon, M Covington, R Brooker, A Houston, A Vaughan, S Phillips, N Tidman, I Stewart, D Elley, C Maguire, M Watkinson, A King, M Stuart
 London 2 SW, 2009-10,06/03/2010, Tottonians, Home, Win,25 ,24 , M Clet, T Bridgland, B Mairs, R Mitchell, S McCarthy, A Vernon, M Covington, R Brooker, A Houston, A Vaughan, S Phillips, N Tidman, I Stewart, D Elley, C Maguire, M Watkinson, A King, M Stuart
 London 2 SW, 2009-10,27/02/2010, Twickenham, Home, Win,24 ,23 , M Watkinson, J Hatcher, T Bridgland, S McCarthy, J Rand, A Vernon, M Covington, R Brooker, A Houston, A Vaughan, J Wilkin, C Clarence-Smith, I Stewart, D Elley, C Maguire, M Clet, A King, M Stuart
 London 2 SW, 2009-10,20/02/2010, Bognor, Away, Lose,6 ,19 , M Watkinson, T Bridgland, M Clet, R Mitchell, A King, A Vernon, M Stuart, M Covington, A Houston, I Stewart, S Phillips, N Tidman, C Maguire, D Elley, A Vaughan, J Hatcher, S McCarthy, J Wilkin
 London 2 SW, 2009-10,13/02/2010, Trojans, Home, Win,17 ,15 , M Clet, T Bridgland, B Mairs, A King, T Carr, M Covington, M Stuart, R Brooker, A Houston, L Sayer, S Phillips, N Tidman, I Stewart, D Elley, A Vaughan, M Watkinson, J Wilkin, S McCarthy
 London 2 SW, 2009-10,06/02/2010, Winchester, Away, Win,29 ,14 , M Watkinson, T Bridgland, T Kiley, R Mitchell, A King, M Covington, M Stuart, R Brooker, A Houston, A Vaughan, S Phillips, N Tidman, D Elley, M Evans, J Conway, M Lambourne, A Turns, J Large
 London 2 SW, 2009-10,30/01/2010, Guernsey, Away, Lose,12 ,36 , M Clet, T Bridgland, B Mairs, R Mitchell, M Powell, M Covington, M Stuart, A King, R Brooker, A Vaughan, A Frew, N Tidman, T Brown, M Evans, D Elley, J Hatcher, M Watkinson, S Flynn
 London 2 SW, 2009-10,23/01/2010, London South Africa, Home, Win,42 ,-  , M Clet, T Bridgland, B Mairs, R Mitchell, A King, M Covington, M Stuart, R Brooker, A Houston, L Sayer, D Elley, N Tidman, I Stewart, M Evans, A Vaughan, J Hatcher, J Rand, H Lawton
 London 2 SW, 2009-10,16/01/2010, Weybridge Vandals, Away, Win,7 ,-  , M Clet, T Bridgland, T Kiley, R Mitchell, M Powell, M Covington, M Stuart, B O'Neill, A Houston, L Sayer, S Phillips, I Stewart, N Tidman, A Frew, R Brooker, J Hatcher, A King, M Evans
 London 2 SW, 2009-10,12/12/2009, London Irish Amateur, Away, Lose,10 ,23 , M Clet, T Bridgland, B Mairs, R Mitchell, L Fennemore, R Brooker, M Covington, B O'Neill, A Houston, L Sayer, M Evans, I Stewart, N Tidman, A Frew, A Vaughan, M Lambourne, H Lawton, S Dawson
 London 2 SW, 2009-10,05/12/2009, Effingham & Leatherhead, Home, Win,25 ,14 , M Watkinson, T Bridgland, T Kiley, R Mitchell, S Dawson, R Brooker, M Covington, A King, A Houston, L Sayer, M Evans, I Stewart, N Tidman, T Dixon, A Vaughan, B Holden, H Lawton, S Flynn
 London 2 SW, 2009-10,28/11/2009, Tottonians, Away, Lose,12 ,29 , M Clet, J Hatcher, T Bridgland, S Dawson, T Carr, A King, T Brown (2), R Mitchell, R Brooker, I Stewart, M Evans, N Tidman, H Lawton, G B-Turner, A Plaistowe, M Watkinson, S Vickery, A Turns
 London 2 SW, 2009-10,14/11/2009, Bognor, Home, Win,25 ,10 , M Clet, T Bridgland, T Kiley, R Mitchell, S Dawson, R Brooker, M Stuart, A King, A Houston, I Stewart, J Conway, N Tidman, H Lawton, S Phillips, L Sayer, M Watkinson, M Covington, A Vaughan
 London 2 SW, 2009-10,07/11/2009, Trojans, Away, Win,43 ,27 , M Clet, J Hatcher, B Mairs, R Mitchell, M Powell, R Brooker, M Stuart, A King, A Houston, I Stewart, J Conway, N Tidman, H Lawton, S Phillips, D Elley, T Bridgland, S Vickery, M Watkinson
 London 2 SW, 2009-10,24/10/2009, Guernsey, Home, Lose,13 ,17 , M Clet, M Lambourne, B Mairs, R Mitchell, A King, R Brooker, M Stuart, D Horsburgh, A Houston, I Stewart, A Frew, N Tidman, H Lawton, S Phillips, D Elley, M Watkinson, A Turns, J Blignaut
 London 2 SW, 2009-10,17/10/2009, London South Africa, Away, Win,18 ,16 , M Watkinson, T Bridgland, M Lambourne, M Powell, S Dawson, R Brooker, M Stuart, R Mitchell, A Houston, I Stewart, A Frew, N Tidman, C Clarence-Smith, S Phillips, D Elley, T Kiley, D Kellerman, A Turns
 London 2 SW, 2009-10,10/10/2009, Weybridge Vandals, Home, Win,40 ,12 , M Clet, T Bridgland, M Watkinson, M Powell, A Turns, D Horsburgh, R Brooker, M Covington, A Houston, L Sayer, A Frew, N Tidman, I Stewart, S Phillips, D Elley, M Lambourne, M Stuart, S Dawson
 London 2 SW, 2009-10,25/09/2009, Twickenham, Away, Lose,20 ,39 , M Clet, T Bridgland, M Lambourne, A King, S Dawson, R Brooker, M Covington, R Mitchell, A Houston, L Sayer, A Frew, N Tidman, I Stewart, C Clarence-Smith, M Ruocco, J Blignaut, D Kellerman, A Plaistowe
 London 2 SW, 2009-10,18/09/2009, Winchester, Home, Win,68 ,7 , J Blignaut, T Bridgland, M Watkinson, A King, S Dawson, R Brooker, M Covington, R Mitchell, A Houston, L Sayer, A Frew, N Tidman, I Stewart, S Phillips, N Clarke, M Clet, S Flynn, P Davey
 London 2 SW, 2009-10,11/09/2009, London Cornish, Away, Win,14 ,13 , M Watkinson, T Bridgland, B Mairs, A King, S Dawson, R Brooker, M Covington, R Mitchell, A Houston, L Sayer, H Lawton, N Tidman, N Clarke, S Phillips, A Frew, J Hatcher, S Flynn, J Denning
 London 3 SW, 2008-09,18/04/2009, Effingham & Leatherhead, Away, Win,16 ,14 , M Watkinson, J Hatcher, B Mairs, S McCarthy, S Dawson, D Horsburgh, M Stuart, R Mitchell, M Holding, T Brown, L Kavanagh, I Stewart, L Sayer, A Wilde, D Elley, T Bridgland, D Kellerman, M Evans
 London 3 SW, 2008-09,04/04/2009, Winchester, Home, Win,18 ,3 , M Watkinson, T Bridgland, B Mairs, S McCarthy, S Dawson, D Horsburgh, J Burrows, B O'Neill, R Brooker, T Brown, M Evans, L Kavanagh, I Stewart, M Ruocco, L Sayer, J Blignaut, D Elley, P Davey
 London 3 SW, 2008-09,28/03/2009, London South Africa, Away, Win,35 ,22 , M Watkinson, M Lambourne, B Mairs, A Turns, S McCarthy, I Stewart, D Horsburgh, D Kellerman, M Holding, T Brown, M Evans, L Kavanagh, D Elley, A Wilde, M Ruocco, T Bridgland, R Brooker, P Davey
 London 3 SW, 2008-09,14/03/2009, London Cornish, Home, Lose,21 ,40 , M Watkinson, J Hatcher, J Lowe, A Turns, B Mairs, M Stuart, D Horsburgh, R Mitchell, M Holding, T Brown, M Evans, L Kavanagh, L Sayer, A Wilde, M Ruocco, R Kirk, M Lambourne, A Vernon
 London 3 SW, 2008-09,07/03/2009, London Irish Amateur, Away, Lose,12 ,14 , M Lambourne, J Hatcher, J Lowe, S McCarthy, B Mairs, M Stuart, T Bridgland, R Mitchell, M Holding, T Brown, C Alder, L Kavanagh, D Elley, A Wilde, M Ruocco, M Evans, R Kirk, J Large
 London 3 SW, 2008-09,28/02/2009, KCS Old Boys, Away, Win,26 ,12 , T Bridgland, J Hatcher, M Watkinson, R Mitchell, S McCarthy, R Brooker, D Horsburgh, J Burrows, M Holding, T Brown, C Alder, L Kavanagh, L Sayer, A Wilde, D Elley, T Kiley, D Kellerman, M Ruocco
 London 3 SW, 2008-09,21/02/2009, Tottonians, Home, Win,14 ,13 , T Bridgland, J Hatcher, M Lambourne, R Mitchell, S McCarthy, J Burrows, M Stuart, J Kirk, M Holding, T Brown, C Alder, L Kavanagh, I Stewart, A Wilde, N Clarke, M Watkinson, A Vernon, L Sayer
 London 3 SW, 2008-09,31/01/2009, Wimbledon, Away, Lose,12 ,23 , M Watkinson, J Lowe, M Lambourne, R Mitchell, J Phillips, J Burrows, D Horsburgh, J Kirk, M Holding, T Brown, C Alder, A Vernon, L Kavanagh, D Elley, N Clarke, T Bridgland, M Stuart, I Stewart
 London 3 SW, 2008-09,24/01/2009, Bognor, Home, Win,29 ,10 , M Watkinson, J Lowe, B Mairs, R Mitchell, J Phillips, S McCarthy, D Horsburgh, J Kirk, R Brooker, T Brown, C Alder, A Vernon, L Kavanagh, D Elley, N Clarke, T Bridgland, M Lambourne, M Stuart
 London 3 SW, 2008-09,17/01/2009, Chichester, Away, Win,14 ,10 , M Watkinson, J Lowe, B Mairs, R Mitchell, K Outen, S McCarthy, J Phillips, J Kirk, R Brooker, T Brown, L Kavanagh, A Vernon, I Stewart, D Elley, N Clarke, T Bridgland, D Horsburgh, M Stuart
 London 3 SW, 2008-09,20/12/2008, Guernsey, Home, Win,23 ,19 , T Bridgland, A Kallin, B Mairs, A Turns, S McCarthy, D Horsburgh, M Stuart, J Kirk, R Brooker, L Sayer, C Alder, T Brown, I Stewart, A Wilde, N Clarke, M Watkinson, J Burrows, M Lambourne
 London 3 SW, 2008-09,06/12/2008, Winchester, Away, Win,43 ,12 , T Bridgland, J Hatcher, M Lambourne, A Turns, S McCarthy, D Horsburgh, J Burrows, J Kirk, R Brooker, L Sayer, C Alder, T Brown, I Stewart, A Wilde, N Clarke, A Plaistowe, M Watkinson, M Stuart
 London 3 SW, 2008-09,22/11/2008, Effingham & Leatherhead, Home, Win,16 ,14 , M Watkinson, J Hatcher, M Lambourne, J Phillips, S McCarthy, D Horsburgh, M Stuart, J Kirk, R Brooker, A Plaistowe, C Alder, L Kavanagh, T Brown, W Walker, N Clarke, T Bridgland, J Burrows, J Conway
 London 3 SW, 2008-09,15/11/2008, Guernsey, Away, Win,15 ,12 , M Watkinson, J Hatcher, M Lambourne, J Phillips, S McCarthy, D Horsburgh, M Stuart, J Kirk, R Brooker, T Brown, C Alder, C Carroll, I Stewart, L Kavanagh, N Clarke, T Bridgland, A Vernon, W Walker
 London 3 SW, 2008-09,08/11/2008, Chichester, Home, Lose,7 ,19 , M Watkinson, A Kallin, M Lambourne, R Mitchell, S McCarthy, J Burrows, B O'Neill, J Phillips, R Brooker, I Stewart, C Alder, A Vernon, N Clarke, A Wilde, L Sayer, T Bridgland, L Kavanagh, W Walker
 London 3 SW, 2008-09,01/11/2008, Bognor, Away, Lose,5 ,12 , M Watkinson, A Kallin, M Lambourne, R Mitchell, S McCarthy, R Brooker, M Stuart, J Phillips, W Walker, I Stewart, C Alder, A Vernon, L Kavanagh, A Wilde, N Clarke, J Hatcher, J Burrows, C Maguire
 London 3 SW, 2008-09,24/10/2008, Wimbledon, Home, Win,20 ,3 , M Watkinson, A Kallin, M Lambourne, R Mitchell, S McCarthy, J Kirk, J Burrows, J Phillips, R Brooker, I Stewart, L Kavanagh, A Vernon, C Maguire, A Wilde, L Sayer, S Scott, M Evans, B Mairs
 London 3 SW, 2008-09,11/10/2008, KCS Old Boys, Home, Win,55 ,5 , J Blignaut, J Hatcher, M Lambourne, R Mitchell, S McCarthy, R Brooker, J Kirk, J Phillips, S Scott, T Brown, M Evans, I Stewart, A Vernon, A Wilde, L Sayer, T Bridgland, D Kellerman, L Kavanagh
 London 3 SW, 2008-09,04/10/2008, Tottonians, Away, Lose,5 ,26 , M Watkinson, J Hatcher, M Lambourne, M Powell, S McCarthy, J Burrows, D Kellerman, J Kirk, R Brooker, T Brown, M Evans, I Stewart, A Vernon, A Wilde, L Sayer, T Bridgland, A Turns, S Scott
 London 3 SW, 2008-09,27/09/2008, London Irish Amateur, Home, Win,57 ,10 , M Watkinson, J Hatcher, J Lowe, R Mitchell, S McCarthy, J Burrows, J Kirk, K Outen, R Brooker, T Brown, M Evans, I Stewart, A Vernon, A Wilde, L Sayer, M Lambourne, J Phillips, S Scott
 London 3 SW, 2008-09,20/09/2008, London Cornish, Away, Draw,17 ,17 , M Watkinson, J Hatcher, J Lowe, R Mitchell, K Outen, J Burrows, B O'Neill, J Kirk, R Brooker, T Brown, S Phillips, I Stewart, M Evans, A Wilde, L Sayer, M Lambourne, M Stuart, S Scott
 London 3 SW, 2008-09,13/09/2008, London South Africa, Home, Win,36 ,17 , M Watkinson, J Hatcher, J Lowe, R Mitchell, K Outen, S McCarthy, B O'Neill, J Kirk, S Scott, T Brown, C Alder, I Stewart, A Vernon, A Wilde, R Brooker, M Lambourne, J Burrows, L Sayer

